0,1,2,3,4,5,6,7
0.42121053,0.19141194,-0.019937038,-0.3538715,0.0,0.0,3.2377868,3.0028768
0.89967024,-0.106674775,1.0469443,-0.0037917793,0.0,0.0,9.587592,14.511783
0.6171669,-0.36940926,0.90792704,0.16270196,0.0,5.395616,0.0,5.641982
-0.85039014,0.24973491,-0.15023333,-0.12263538,0.0,0.0,8.370833,1.6914028
2.4489374,-0.55139774,3.5916872,1.0986019,0.0,14.059423,0.0,12.392025
0.3351743,-0.31122324,0.49191132,0.0045883097,0.0,0.0,11.810561,0.45571417
0.73798037,1.8848714,-1.1364719,-1.5230252,0.0,0.0,8.7835245,2.7953494
-3.1400113,0.91112876,-0.43991128,0.16482441,0.0,0.0,20.337843,37.667725
-0.30791017,1.1442466,-0.6775985,-0.7936574,0.0,0.481894,1.8038077,3.2814233
3.0025835,3.231084,-0.053026766,-2.044298,0.0,0.0,25.612604,25.265057
1.9609476,1.0426446,1.2180544,-0.6594568,0.0,0.0,37.89769,11.813688
-0.55129206,-0.124880776,0.05101542,0.0051167533,0.0,2.2353532,0.0,0.7087821
-0.38630617,-0.23919804,0.8745327,0.30122185,0.0,0.0,7.43834,1.812212
41.471935,60.41657,-16.472836,-35.675415,0.0,8.904268,9.717618,34.9164
-0.35097778,0.91755474,-0.5474684,-0.65109825,0.0,1.6804662,2.32766,4.8155737
0.26652506,0.0022849143,0.011145577,-0.26018554,0.0,0.7364779,1.3999767,2.034215
-0.25283632,-0.15146002,0.05496496,-0.066556856,1.145073,0.0,0.618423,0.06531832
-6.4542975,4.172703,-2.1656134,-0.7406145,0.0,0.0,15.321763,1.3869375
0.34538606,-0.37804928,0.5900543,0.15178412,0.0,0.0,22.834059,7.884753
-0.17230342,0.028657794,-0.05015534,-0.19331482,0.7084615,0.4313751,0.0,2.1228166
0.9090583,1.0212085,-0.35750732,-0.86151063,0.0,0.0,15.74323,10.251371
0.614495,1.4922239,-0.909255,-1.2618641,0.0,0.0,6.1106815,6.0790033
0.05392294,-0.3251181,0.20424774,0.06620594,0.0,0.0,30.45132,14.150187
-0.8447074,0.16008702,-0.09961817,-0.07287367,0.0,0.0,11.236863,2.8273914
1.7945514,-0.49560702,2.6607609,0.78223664,0.0,5.065143,0.0,3.8115358
0.026422616,-0.3139006,0.19889751,0.007362202,0.0,0.0,6.3325214,7.6625776
-10.075725,5.4973955,-2.7817357,-0.44572738,0.0,0.55735713,4.5341144,9.1831255
-10.63623,13.713891,-7.4192867,-4.9949827,0.0,1.1682701,7.633965,19.661406
0.31043753,0.02518028,0.033936493,-0.25877887,0.0,0.0,1.5574697,0.74934715
1.0621072,0.020608127,1.1506675,-0.07749236,0.0,0.0,4.7587714,4.715651
-0.23393606,0.49249873,-0.31083885,-0.44139713,0.0,0.0,3.544221,1.0380318
-0.0024340637,-0.1758528,3.1862416,1.2478915,0.0,0.0,1.7924795,0.9325647
-5.300151,0.86842465,5.269306,2.473956,0.0,0.0,5.0831094,2.070353
-1.0120835,2.4091265,-1.3685002,-1.3140434,0.0,1.9315021,0.4134208,1.6742083
4.8618655,-0.75400615,6.7419505,2.0474708,0.0,13.329771,0.0,23.604488
-3.6310647,1.5397757,-0.778034,-0.052722484,0.0,0.0,48.40001,30.71503
-0.15967242,-0.22237568,0.091700286,-0.05301557,0.45891866,0.0,0.8305374,0.0
-4.87378,10.299812,-5.6983333,-4.715043,1.743016,0.0,0.0,2.590849
-0.58692527,-0.21011479,0.13360825,0.056527168,0.0,2.8987184,0.0,4.458319
11.820982,0.9593476,14.269407,2.7713616,2.0314045,0.0,0.40246195,0.5845186
0.08699354,-0.3026692,0.22337598,-0.038087584,0.0,2.8291934,0.8149768,5.069116
0.85510266,1.1362077,-0.53245413,-0.9933929,0.0,0.0,16.671597,13.768391
0.6503025,13.530373,-7.735752,-8.176651,0.0,2.8772166,0.0,10.335981
-1.2207227,0.6141602,-0.3430505,-0.2237976,0.0,0.94870174,1.2202396,1.5508456
0.33730435,-0.37582192,0.65511787,0.2129274,0.0,0.0,20.757408,15.59642
-0.2754036,0.063204646,-0.06590076,-0.18310344,4.2634964,0.0,0.47556397,0.54137075
0.34898964,0.20739737,-0.11248943,-0.40496203,0.0,0.0,1.8466244,2.2529466
0.033053555,-0.26982912,0.14967574,-0.06123236,0.0,1.6433673,0.8003391,2.5244586
0.16169131,-0.26802433,0.21035382,-0.06979799,0.0,0.0,5.066332,5.598113
-1.4589674,1.7011062,-0.9504303,-0.77782166,0.0,8.476103,0.0,6.60243
22.071486,23.007315,3.2030342,-12.574136,0.0,11.365908,0.0,16.969841
9.394916,13.621821,-3.9851496,-8.254982,0.0,0.0,3.217227,2.6073592
-0.11465733,-0.24488655,0.1027859,-0.05321423,0.0,0.555382,1.5995544,2.1226172
0.57346576,0.037675023,0.42704841,-0.21885413,0.0,0.7557418,0.0,0.6498406
-0.6934594,-0.13365807,0.061288677,0.0515536,0.0,3.3747406,0.0,3.6572785
-0.10860829,-0.32534695,0.308133,0.13295744,0.0,4.527799,0.0,1.8176129
-0.069248244,-0.2066564,2.3875144,0.9029676,0.0,0.0,12.1345625,19.588518
-0.04850303,-0.29353255,0.95071864,0.3085692,12.988267,0.0,1.9094476,2.1249228
2.2574003,9.782505,-5.6707344,-6.4951267,0.0,0.0,0.0,1.567799
0.23210259,-0.36304724,0.3974265,0.12062025,0.0,0.0,13.19896,2.3337135
1.7031323,4.171568,-2.4688995,-3.1156132,0.0,0.0,25.068897,10.77516
-9.742374,6.21604,-3.2015991,-0.95497876,0.0,0.0,20.926138,11.399201
-2.3264654,0.14102766,0.23172955,0.30633616,0.0,2.188467,1.9171511,6.2863326
1.6491714,0.64263,1.2567521,-0.42598253,0.0,0.0,16.572796,6.0911503
3.828536,1.888497,2.8959136,-0.8506421,0.0,0.0,3.962975,1.9395224
2.7459877,0.69977915,2.751267,-0.17528808,0.0,1.8656204,1.2389265,4.796991
-0.7243351,1.2241527,-0.707387,-0.7182134,0.0,0.53187686,1.431952,1.4573733
0.115206,-0.34979928,0.26359707,0.13324317,0.0,0.0,5.991733,4.2146473
0.3529331,-0.274003,0.48460782,-0.028021716,1.0562124,0.0,0.21756706,0.2693144
-2.0040627,3.117802,-1.7333325,-1.4316076,0.0,5.0812373,0.0,10.256634
-0.13141376,-0.1833319,0.06851113,-0.08363836,0.0,2.596225,0.6962913,3.3932478
0.10544388,-0.25722563,0.16100056,-0.076697245,0.0,0.0,9.372659,6.962757
-0.10798022,1.228321,-0.7327144,-0.9001022,0.0,0.0,10.358037,6.4582024
0.45912042,-0.19712456,0.54642975,-0.06250573,0.0,0.27381045,0.0,2.697936
-3.3978984,0.59675384,-0.25206456,0.42023432,0.0,0.0,17.875193,28.764172
12.247974,8.112119,7.5499096,-3.6272476,0.0,0.0,47.66475,40.128372
0.2691997,-0.37431625,0.47210914,0.15703699,0.0,0.0,13.480674,7.0248036
-0.088704064,-0.10108855,0.02029106,-0.14324635,0.0,0.7928433,0.7397429,0.63060766
0.86798906,-0.41570565,1.4235239,0.38730976,0.0,3.3302753,0.0,6.117378
0.942143,0.48303762,0.4086739,-0.46914798,0.0,0.6650608,0.0,2.6595278
0.37941545,0.17846528,-0.050709248,-0.36325312,0.0,0.0,1.9448818,2.5320387
-1.1522753,-0.104582936,0.8701385,0.34544334,0.0,0.0,23.580515,12.894957
6.6907663,13.8466015,-7.4289722,-9.597678,0.0,0.0,12.507512,1.6217135
2.5828972,-0.3360265,3.4280028,0.8206729,0.0,0.0,21.349566,17.857584
-0.21083675,0.36483374,-0.23931837,-0.37490326,0.0,0.0,1.897591,0.45726198
6.546774,4.642823,3.4806435,-2.3272154,0.0,4.441293,0.0,2.661721
-0.1668053,-0.3038925,0.16813624,0.057107083,0.0,1.0579195,0.53479433,0.5412157
0.36168393,-0.008835614,0.15541682,-0.22260648,0.0,0.0,2.702633,0.95231646
0.960747,0.30339953,0.66622615,-0.33043018,0.0,0.0,2.493856,3.4840174
0.3024363,-0.34373528,1.1802332,0.39108154,0.0,0.0,7.5714645,16.34361
0.016628377,-0.25299257,0.121407196,-0.07297994,0.0,0.0,9.222831,2.1966457
3.8400085,4.2388425,-0.095582336,-2.6062834,0.0,0.0,21.453295,19.825754
0.2993521,-0.064732045,0.13271025,-0.19417985,0.0,0.0,1.4824557,0.017229073
0.65647906,-0.083914906,0.69479287,-0.10151775,0.0,0.0,4.142156,2.851669
-0.8278762,0.53973806,-0.31549266,-0.29552037,0.0,6.15911,0.0,6.4697814
-0.25666308,-0.00020825863,-0.030646354,-0.15219134,2.8784077,0.0,0.0,0.9421851
1.2642226,0.32408437,1.0809399,-0.26944286,0.0,1.2102519,0.4780184,1.8684288
-0.14433952,-0.3202291,0.21058197,0.10279548,0.0,0.5848039,0.8973362,0.38085085
0.24432136,-0.16117361,0.17578807,-0.13566275,0.0,0.0,2.469646,0.26721752
1.4485513,-0.17524084,1.8161054,0.25996178,0.0,8.270477,0.0,14.703899
3.0139816,3.1310158,0.09771362,-1.9704323,0.0,0.0,22.222633,22.212948
-0.42162704,0.26898232,-0.17712069,-0.25854117,0.65818894,0.0,0.86512125,0.0
0.8038066,0.02545178,0.7760539,-0.15071453,0.0,0.0,3.9435945,3.1659312
1.0171043,1.7034394,-0.94399977,-1.4271994,0.0,0.0,8.744966,16.503162
0.2549938,-0.21238863,0.26326597,-0.098734975,0.0,0.0,2.2548857,0.0
0.59643793,-0.05285278,0.57235694,-0.14281765,0.0,0.5841215,0.0,1.3361623
1.0964844,0.20456025,0.982455,-0.21743806,0.0,0.3023165,1.6551331,1.3676156
-0.24799769,-0.21188974,1.6440227,0.57374895,0.0,0.0,6.2794986,2.4947183
6.4218874,-0.5547905,8.599529,2.3903449,0.0,0.02619356,6.109279,19.902384
2.2153738,2.3429847,-0.09175131,-1.5584695,0.0,0.0,7.24872,3.9434824
-3.2243764,7.3237133,-4.0724545,-3.4884796,2.7116501,0.0,0.0,0.092082284
-2.0543869,0.4685854,-0.22945458,0.10247944,0.0,1.8827832,3.1302533,8.337363
0.14977698,-0.35564116,0.29277408,0.130404,0.0,0.0,7.4062023,4.5511327
-0.32168326,0.46257892,-0.29060617,-0.3986827,0.0,0.0,4.642612,0.8893226
-0.29285562,-0.281994,0.44240442,0.124021366,0.0,0.0,9.815479,4.474296
1.3487115,-0.061407387,1.5896752,0.10865472,0.0,2.3704903,2.3318892,8.603794
-3.7433462,3.1649852,-1.6952813,-0.9521457,0.0,18.923027,0.0,13.972323
1.2266212,-0.4199174,2.6310525,0.92144036,0.0,6.4632745,0.0,25.61238
-0.004834611,0.15500441,-0.12802851,-0.3145508,0.0,0.0,2.1147656,5.291076
0.53028107,-0.114702195,0.5504631,-0.11010815,0.0,0.9487007,0.0,1.0747346
6.9890656,5.4508896,3.1261518,-2.8437502,0.0,1.3242767,0.0,2.4122357
-0.078140214,-0.3318318,0.2290841,0.118095845,0.0,0.0,2.9069238,3.2779877
-0.35882333,3.5913017,-2.0630867,-2.182314,0.0,9.810919,0.0,5.8136144
-0.35276031,0.0599401,-0.061167732,-0.15870285,2.851779,0.0,0.6113379,0.3448535
2.3256674,0.678705,2.180293,-0.27376467,0.0,2.940502,1.7183384,8.6127
11.779285,5.5580683,9.930358,-1.70264,0.0,0.0,27.877047,42.3226
0.6460132,-0.1550772,0.7624843,-0.045710742,0.0,0.0,4.718422,4.16182
23.015001,29.308306,-3.7152655,-16.907394,0.0,5.881756,0.0,8.195879
-11.915866,10.710851,-5.669002,-2.8999562,7.751285,0.0,0.048850298,1.1264364
0.8836471,3.1330159,-1.8495485,-2.2813077,0.0,0.0,19.65727,5.3238134
-0.16872722,0.30902895,-0.20924813,-0.35516036,0.0,0.0,1.7392092,0.46896732
0.05206291,-0.3466219,0.4416077,0.22017488,0.0,0.0,16.141895,11.843805
-0.29652196,-0.28973365,0.29927683,0.06564726,0.0,0.0,18.063705,8.448563
0.4181859,-0.1858698,0.47436926,-0.08242024,0.5794947,0.0,0.0,1.9213117
0.10098415,-0.093749434,0.029400185,-0.18784101,0.0,0.0,5.726864,3.3453608
-17.093859,6.7902913,-3.2532759,0.8566033,0.0,4.1962705,0.0,2.9954238
-0.22699086,-0.117065296,0.034501538,-0.09381044,0.0,3.5642426,0.0,3.2410672
13.798016,10.506593,6.8383994,-5.091694,0.0,0.0,25.504967,19.301819
-1.5818546,0.47416154,-0.2502216,-0.03833202,0.0,1.1461027,1.2782217,2.6243596
-10.712702,1.8980819,0.66704667,1.4741371,0.0,11.497837,0.0,14.424518
0.38019872,0.7333324,-0.4702637,-0.7583765,0.0,0.0,3.7372956,6.8468304
3.7353737,5.9581738,-2.4462419,-3.920328,0.0,0.0,21.03673,13.950251
47.951366,61.680702,-8.115331,-35.342285,0.0,1.7318697,11.835125,27.200935
0.8084321,-0.041003704,0.8614421,-0.095760286,0.0,0.0,9.224389,6.591337
1.4767488,0.08887628,1.6263514,0.0011877418,0.0,0.0,16.961798,7.1127768
1.6710421,-0.47332838,2.842955,0.9169309,0.0,9.602263,0.0,25.86502
-0.028235804,-0.19899683,0.073548324,-0.10470194,0.0,0.33999714,1.7604927,2.1999404
-0.7508963,0.87633836,-0.5092001,-0.51099265,0.0,0.45781773,1.2636143,1.0711504
2.62778,0.36725965,2.8780322,0.124507666,0.0,0.0,9.216034,1.531627
1.8336357,0.645725,1.5147625,-0.37787604,0.0,0.0,25.924309,8.526787
-0.45918,-0.20040973,0.090405494,0.021610249,0.0,6.040934,0.0,10.536999
0.29398075,1.0217466,-0.6305709,-0.8986847,0.0,0.25279456,2.4124556,8.446599
1.153295,0.5837418,0.6008278,-0.50024796,0.0,3.3364425,0.0,3.1447878
7.239137,11.7244005,-4.6721067,-7.390333,0.0,0.0,2.786614,1.8081042
-2.307733,2.8766134,-1.5852739,-1.20484,0.0,8.242008,0.0,16.639786
-1.3464198,0.083701134,-0.03761755,0.11704801,0.0,0.6762749,1.4229957,2.7407918
-5.0097046,2.6557524,-1.359384,-0.29128486,0.0,0.0,16.473164,2.1993127
8.132829,3.3824828,7.289369,-0.9145216,0.0,10.257814,0.0,17.913366
0.2457976,-0.3084811,0.35821775,-0.012608187,0.0,0.0,7.690455,0.4752602
-8.092866,3.5304897,-1.7404537,0.104913026,0.0,3.7951963,2.1337285,9.293626
0.1797553,-0.20262371,0.14109612,-0.11504544,0.0,0.0,7.7190804,5.2088265
0.22932921,-0.36921418,0.49012077,0.19777,0.0,0.0,19.492266,10.011667
2.5052986,-0.0763351,3.0986784,0.5331012,0.0,0.0,25.496702,14.52332
1.0237348,1.0266929,-0.19801155,-0.8365934,0.0,0.0,4.568011,11.873886
0.22146483,-0.30363643,0.32950956,-0.037766367,0.0,0.0,4.4600477,0.23752207
-0.055987347,-0.33696675,0.27398783,0.13495283,0.0,1.7934568,0.0,0.9749351
1.6340077,1.3628134,0.31106737,-0.96744436,0.0,0.0,14.95609,5.0263696
4.3509297,-0.68870234,6.9592667,2.3613718,0.0,4.1574497,0.0,5.707866
-0.4818498,0.0013094246,-0.023116812,-0.08748173,1.9582099,0.0,1.2982686,0.19962767
0.19744106,-0.35034493,0.3492869,0.074969865,0.0,0.0,21.94617,2.2114449
-6.355841,40.509598,-22.77089,-21.609945,0.0,27.380798,0.0,67.60636
-1.918126,1.386791,-0.75511837,-0.46383077,0.0,4.290444,0.0,12.547001
1.5889084,-0.04185787,1.8838322,0.17364606,0.0,2.4179375,2.3644547,10.468929
0.75025344,-0.4106626,1.121642,0.26041862,0.0,4.5446463,0.0,5.788836
-0.9500517,3.0323653,-1.7241637,-1.6895611,0.0,4.2704525,0.0,3.8185585
-4.4462233,0.49911717,0.9922862,0.5074253,0.0,0.0,7.6858273,13.532985
-0.38194504,0.4212604,-0.26493493,-0.35743514,0.0,0.0,6.9391212,1.8325315
1.5558624,0.8455367,0.8650178,-0.60360706,0.0,0.0,32.16234,6.40554
0.3508903,-0.08400926,0.24149707,-0.1726175,0.0,0.26558572,0.0,1.486138
-0.046597484,-0.3299366,0.44357556,0.21340299,0.0,10.558274,0.0,8.80957
-7.1846595,3.8789382,-1.9718484,-0.3594286,0.0,1.03974,1.2908195,4.3628373
-1.2797105,-0.059035182,1.4038309,0.6139611,0.0,0.0,1.5563797,5.5089846
13.545298,3.7548275,14.106781,0.53620696,0.0,0.0,10.474167,6.5006375
-0.112418994,-0.30111516,0.14396179,0.050883494,0.0,0.8069937,0.7557387,0.48181587
0.014964849,0.10134861,-0.09834546,-0.28954315,0.0,0.3266995,1.6151248,4.943398
2.8705807,12.831986,-7.422518,-8.422701,0.0,0.0,0.0,9.161636
1.9212619,-0.13125572,2.3896677,0.38265264,0.0,0.0,10.5459385,13.181651
1.3066974,2.250079,-1.1998866,-1.7777001,0.0,0.0,4.50912,8.309251
0.67757195,20.067736,-11.4432,-11.934032,0.0,40.11717,0.0,42.084
0.61872286,0.23539856,0.23514721,-0.35244122,2.7037096,0.0,0.4099512,0.8490305
-0.2782456,-0.10010591,0.026795879,-0.08861066,1.7264044,0.0,0.74901044,0.16742665
0.8043945,-0.32592106,1.112415,0.1849989,0.0,6.6451955,0.9988979,14.476083
-0.04864284,-0.03646326,-0.017841578,-0.1919784,0.0,1.5188186,0.0,1.128166
-0.61908686,0.024558961,-0.031185195,-0.060849342,2.0201092,0.0,0.8625698,0.22810528
-0.16714072,0.5972065,-0.37269273,-0.5209037,0.0,0.0,4.965321,1.8278531
1.255014,0.8965905,0.3436369,-0.7057293,0.0,0.35666448,0.0,1.2299025
-1.665241,2.154352,-1.1997174,-0.97770405,0.0,9.546225,0.0,10.16457
-0.019970652,-0.14935689,0.045096457,-0.13557944,0.0,0.2870263,1.5916964,1.4915036
-0.084459156,-0.22192271,0.08864118,-0.07517937,0.0,0.7913054,1.4993322,1.8617349
0.19837765,0.24147525,-0.18462545,-0.42332584,0.0,0.0,3.3060389,3.371203
0.612001,0.30686095,0.12590474,-0.40250877,0.0,0.0,2.7627296,2.6937444
2.1514885,3.8989038,-2.0019827,-2.849444,0.0,0.0,17.62752,5.334489
-0.068946525,-0.07258606,0.0033951253,-0.16534758,0.0,1.2700983,0.24041647,0.9410426
2.860826,1.0310589,2.5287797,-0.41620845,0.0,1.3712015,1.0343109,4.0103683
-0.101951614,0.003384143,-0.03844732,-0.1993076,0.0,1.85131,0.0,2.0104697
0.06349029,-0.31607988,0.22322094,0.0019337758,0.0,0.0,4.850407,5.723374
0.054556876,0.79230857,-0.49156812,-0.69736654,0.0,0.0,18.261295,11.254856
-2.5749702,0.14225858,0.63685,0.2834746,0.0,0.0,5.0001574,7.6680555
0.9082769,-0.03770089,1.0009502,-0.0721727,0.0,0.0,8.684436,9.861134
6.9206467,4.2873163,4.4754214,-1.9646307,0.0,0.0,24.292177,16.593931
-0.20563872,-0.23811135,0.10233441,-0.030603988,0.5757854,0.0,0.6709891,0.0
0.61737436,0.7661481,-0.40317014,-0.7772108,0.0,0.0,7.604876,6.0938363
0.18817647,-0.3379445,0.29813766,0.045245335,0.0,0.0,16.606703,3.6309657
-0.008040559,-0.32882258,0.175603,0.14126569,0.0,0.0,22.708315,5.232697
0.20924224,-0.0074571967,-0.0021297336,-0.25320742,0.0,0.0,8.347182,1.7093128
-0.37019134,-0.26208737,0.1473304,0.025045194,0.0,4.724674,0.0,4.2088118
-0.72851866,0.020512044,-0.024813548,-0.026658958,1.4127932,0.0,0.64350694,0.12614045
0.61805135,1.0560249,-0.6620797,-1.0127221,0.0,0.0,8.408199,13.098669
0.5900412,0.8459227,-0.51388633,-0.86358696,0.0,0.0,4.5220585,7.2130685
18.410065,31.133036,-12.820413,-19.385126,0.0,6.4727902,1.8489503,10.464043
-2.0077906,1.7187041,-0.9399595,-0.62808365,0.0,15.775536,0.0,15.031345
-6.0558515,21.396553,-11.945714,-10.735219,0.0,20.090015,0.0,34.990993
-3.142308,3.4918268,-1.9029814,-1.3146402,0.0,3.945925,0.0,9.418308
-1.3895059,16.850582,-9.542184,-9.486881,0.0,11.261074,0.0,20.38747
3.6702118,3.0296097,1.251691,-1.7738634,0.0,1.8562591,0.6011131,2.6473427
39.118324,26.698797,23.940742,-11.473616,14.396874,0.0,0.6835177,1.1542677
-0.04929581,-0.30725855,0.15078445,0.045076884,0.0,1.305562,1.180389,2.3972516
0.37793437,-0.17830846,0.40860644,-0.09976671,0.83671284,0.0,0.0,1.6183182
11.058121,13.8738785,-1.7223924,-8.131033,0.0,0.0,11.648573,7.9513955
-0.27150217,-0.18171738,0.072815165,-0.043767076,1.2521732,0.0,0.6799087,0.09501318
0.5972794,-0.22346021,0.75599194,0.007914327,0.0,1.0085487,1.746008,3.715163
0.20903333,-0.28004307,2.0373409,0.7630012,0.0,0.0,30.658922,29.712118
0.36422598,-0.107996956,0.2962305,-0.15426505,0.0,0.60998875,0.0,2.028641
0.45173037,0.30334976,-0.10267991,-0.4402128,0.0,0.0,11.008861,3.242626
0.21238558,-0.2882554,0.30137053,-0.049989127,0.0,0.0,3.8437886,1.6310105
0.9821992,0.2394791,0.777717,-0.27624094,0.0,0.30182928,1.3154044,1.0139245
-0.25284868,-0.25619,0.9473938,0.3114031,5.60025,0.0,1.541679,0.9205064
-0.675347,1.5586171,-0.89884055,-0.92430854,0.0,0.0,2.777915,2.017566
-9.031511,3.1173618,-1.4712542,0.6152158,0.0,12.762727,0.0,13.661991
0.12711248,-0.26891637,0.18968537,-0.068422854,0.0,0.0,3.5856023,3.9215536
-0.48680907,-0.08730912,0.027311236,-0.035211183,2.3021452,0.0,0.23622039,0.15969175
1.1312329,-0.28848612,1.5034262,0.2623911,0.0,6.455232,0.0,9.601455
-0.054206748,0.0070562065,-0.042308137,-0.21531819,0.0,2.2452927,0.0,1.3189427
-1.554054,1.1964191,-0.66074944,-0.46067187,0.0,8.171159,0.0,4.4482665
-0.04084451,0.24197939,-0.1759983,-0.35394743,0.0,0.10247141,1.1157415,1.379904
0.2026905,-0.27673596,0.26530236,-0.06104336,0.0,0.0,3.065889,2.5762897
1.4188297,4.111415,-2.4242024,-2.9983172,0.0,0.0,46.034878,14.881291
-14.428701,19.10971,-10.337207,-6.985238,0.0,12.438009,0.0,15.718035
-0.107108265,0.29793945,-0.20525661,-0.36674508,0.0,0.0,1.4263675,0.36190638
0.7509267,0.5443382,0.02391985,-0.5451801,0.0,0.0,3.669713,3.600182
0.00071590766,-0.21886426,0.09173315,-0.09589504,0.0,0.0,4.61019,1.5200647
-0.07437326,0.056402355,-0.06953412,-0.23774718,0.0,1.5803152,0.0,1.8533195
-1.3307877,1.1051601,-0.6173276,-0.47335202,0.0,0.0,2.5221744,2.5926304
-0.25349385,-0.2585427,0.11877948,-0.005682949,0.0,2.1532872,0.012814164,2.0794923
0.18400352,1.0903709,-0.6653807,-0.9060153,0.0,0.0,3.0433211,3.2569466
7.3051796,6.3805428,2.4281466,-3.48021,0.0,2.4825792,0.0,1.5467788
0.4637851,1.0399114,-0.6471962,-0.9585542,0.0,0.0,5.8001866,11.275297
4.0175805,4.055065,0.4241008,-2.4407845,0.0,0.0,9.426256,10.217621
1.3887278,1.3280767,-0.023889154,-0.98872834,0.0,0.0,8.685518,8.266706
-1.6835029,0.034603506,0.1519483,0.2078174,0.0,0.23144856,1.9900907,2.5458813
17.020094,15.812444,4.9467797,-8.386538,0.0,5.5503035,0.0,13.448287
-0.1200466,0.45371452,-0.29309303,-0.45232034,0.0,0.0,3.918491,0.34609586
1.0124168,0.6617513,0.28011718,-0.5838917,0.0,0.27274686,0.0,2.7095232
0.6499726,-0.17368644,5.316758,2.1212857,0.0,1.6162975,0.08305323,2.8449986
-3.472329,14.711278,-8.251678,-7.6533327,0.0,2.8117542,0.0,1.432791
0.0050827377,-0.2810821,0.14910358,-0.05245362,0.0,0.454558,1.7503082,2.1542532
2.8582222,4.741514,-2.12194,-3.257946,0.0,0.0,2.2357898,4.79601
-0.20441468,0.22774598,-0.16183424,-0.29814824,0.0,0.7318952,0.7552946,0.8144753
3.3028245,4.1077194,-0.75299156,-2.615351,0.0,0.0,10.614957,13.174348
0.53705394,0.3824434,-0.09392527,-0.46894902,0.0,0.0,16.098553,8.33618
0.16863954,-0.30933368,0.28381494,-0.036245033,0.0,2.7140028,0.0,5.19619
-3.6455507,2.5772164,-1.365683,-0.6435175,0.0,23.108028,0.0,19.038622
-2.457325,0.80662274,-0.40609595,0.025947325,0.0,0.040771186,3.636859,5.9080095
-0.27313662,0.27047065,-0.18349701,-0.302639,0.0,0.03726679,1.5207582,1.0109206
-1.9617131,0.58997214,-0.30172896,0.0058703683,0.0,1.2055335,2.131906,4.99902
0.07788198,-0.34569055,0.5432534,0.25967306,0.0,0.0,26.916153,21.066036
0.55548507,-0.024186581,0.47850966,-0.17609778,0.0,0.64731985,0.0,0.937313
5.906434,3.260602,4.2431026,-1.4062043,0.0,5.271022,0.0,3.0348403
-2.4286902,4.064809,-2.254428,-1.8510917,2.3710313,0.0,0.0,0.0
-0.2833316,2.8537946,-1.6477616,-1.7813092,0.0,0.0,18.399294,2.7103004
-0.14552747,-0.25928468,1.1944855,0.39922118,7.7681775,0.0,0.8563761,1.2144928
0.1789236,-0.16763115,0.10839641,-0.13893597,0.0,0.0,12.763618,5.6806417
0.79296213,1.353184,-0.8207234,-1.2221489,0.0,0.0,10.226169,17.6572
-0.71853834,0.21478274,-0.13532937,-0.14098752,2.1008804,0.0,0.7640058,0.23105305
7.552185,17.439133,-10.209019,-12.428485,0.0,0.0,24.421663,3.0406594
-2.5411463,0.80235624,11.295711,4.4289713,0.0,0.0,60.7131,21.546568
-0.62221235,0.28636786,-0.17950425,-0.21009697,2.4987042,0.0,0.8910555,0.35281846
-0.29115397,0.039160818,5.961665,2.393276,0.0,0.0,4.272883,1.6848521
0.3212075,0.10522419,-0.036884934,-0.32611436,0.0,0.0,6.3323493,2.4798326
0.27660063,-0.13426793,0.19058138,-0.14912546,0.20956223,0.33426812,0.058745444,0.20814878
0.33374417,0.07751334,0.004781261,-0.29457048,0.0,0.0,3.2358828,1.4040273
-0.20286624,-0.19841103,0.07972258,-0.054181106,0.80389065,0.0,0.64650255,0.009924635
0.21215214,-0.16866358,0.13395196,-0.13520214,0.0,0.0,10.596121,6.03682
-2.1352181,0.05931744,0.5576651,0.22915637,0.0,0.0,5.5698395,8.3673115
-1.2805473,0.4253269,-0.23376036,-0.09807174,0.0,0.121489465,1.7944798,1.2870569
-1.6935554,0.012320638,1.242464,0.5315239,0.0,0.48021477,2.6403952,5.5998883
-0.053384814,3.7504568,-2.1647012,-2.3625472,0.0,0.0,43.902184,7.592898
1.1688906,-0.31781092,4.3208237,1.6533262,0.0,2.127485,0.0,4.0175605
-1.4286119,0.91118944,-0.5037091,-0.33361322,0.0,3.8439214,0.0,3.9924593
9.822083,18.04019,-8.432971,-11.826142,0.0,0.0,4.0679846,4.4624443
21.068665,8.145961,20.115444,-1.2936075,0.0,13.823444,0.0,9.490206
0.964051,-0.39537203,1.3806772,0.31074125,0.0,2.3451421,0.109428406,3.3200092
0.52278775,-0.37170655,1.3274853,0.42668998,0.0,0.0,5.8680234,8.136818
4.6708794,3.8126426,1.7549969,-2.139888,3.359975,0.0,0.9398034,0.45258677
0.23479018,-0.37261465,0.42836228,0.17088938,0.0,0.0,12.832734,6.264915
-0.39370453,0.1865786,-0.13144135,-0.21941115,0.37658334,0.1708546,0.6399079,0.0
0.37922627,-0.14265135,0.3661471,-0.12694675,0.06471226,0.17112988,0.0,1.1974947
1.6261263,0.3971422,1.5125911,-0.2323007,0.0,0.0,7.043833,5.334368
-4.3555293,6.399482,-3.5063064,-2.6289756,3.4598546,0.0,0.0,0.29988998
0.08005881,-0.33984601,0.21832143,0.11684349,0.0,0.0,28.083858,12.426088
-2.0676723,0.20350316,-0.07866822,0.25838375,0.0,2.8663208,1.8676103,7.2261424
6.4879537,19.317585,-11.234377,-13.195922,0.0,0.0,0.0,3.2339122
-0.88372296,-0.15598494,0.8626628,0.3453479,0.0,0.0,27.270159,13.884306
-0.18615738,-0.017745525,-0.023330301,-0.16266605,0.0,3.5941994,0.0,5.6005325
3.406386,9.347633,-5.4669876,-6.580324,0.0,0.42408878,0.0,2.2838876
2.2598977,2.149962,0.23389652,-1.4116578,0.0,0.0,4.8409586,3.3451715
2.197947,3.2245436,-1.2606791,-2.21271,0.0,2.2087746,1.1582268,5.4282866
0.24218316,-0.2783747,0.329498,-0.052847203,0.0,0.0,3.5253634,1.4334517
0.040423002,-0.34852293,0.37077117,0.20191516,0.0,3.0096443,0.0,4.0380244
-0.41042238,-0.20795028,1.2764285,0.4492498,2.46279,0.0,0.0,0.56384885
0.671783,0.031286567,0.58024096,-0.19062826,0.0,4.148825,0.0,2.4403515
15.303991,12.813701,6.1692176,-6.4984217,0.0,0.0,8.7153425,3.2623224
-0.021731708,-0.33855626,0.38623732,0.21033734,0.0,7.0034537,0.0,6.2219596
0.31150022,-0.121052,0.22961418,-0.15353598,0.33046135,0.0,0.0,0.95172685
-16.26414,9.001647,-4.5379424,-0.6533332,0.0,0.7947848,1.6210505,2.466928
0.6340398,0.14361691,0.3825788,-0.2848062,1.1883296,0.0,0.4482433,0.0
1.7469211,1.1611452,0.75409067,-0.8013147,0.0,0.0,12.928885,4.241635
0.121130034,0.17356732,-0.14324617,-0.36188146,0.0,0.0,3.5656161,4.925098
-0.5079022,-0.24333975,0.19607034,0.041468993,0.0,4.337788,0.0,4.4881406
0.6146456,0.61918104,-0.25516528,-0.6449498,0.0,0.0,5.2975073,2.8107634
0.084000275,-0.1479761,0.064232916,-0.14926946,0.0,1.056376,0.6932362,1.1106473
36.587036,27.908428,18.697233,-13.006667,0.0,0.0,8.12302,4.8205676
0.5093011,-0.09130663,0.49348482,-0.135104,0.0,1.2727594,0.0,1.0380785
0.18187563,0.04749462,-0.05021976,-0.28987014,0.0,0.0,5.146988,0.8300702
-1.1024827,0.4199414,-0.23734134,-0.14683989,0.0,0.46438026,0.90286875,0.52167004
0.15409441,-0.14195436,0.081526965,-0.15610124,0.0,0.22607625,1.5778435,0.76462364
-0.6870711,0.13313553,-0.090210944,-0.103323616,2.0527146,0.0,0.3935377,0.60079306
-1.6943376,-0.009179115,0.7812991,0.31482965,0.0,0.0,30.780344,13.380491
34.33935,38.173325,2.0437896,-21.095465,0.0,0.0,10.452075,7.217509
-0.44193757,-0.15441482,0.06368576,-0.009791089,0.0,2.232197,0.0,1.8292816
0.08655535,-0.35597667,0.36431795,0.2050836,0.0,0.0,8.303953,3.7351453
0.055652954,1.0262803,-0.62426174,-0.8318778,0.0,0.0,11.075133,8.361774
1.2086174,0.39712182,0.91442037,-0.34306142,0.0,0.27162087,1.3381861,0.819463
11.034014,25.707048,-15.026331,-18.18446,0.0,10.111437,0.39582002,14.832716
0.29596967,-0.2578115,0.384538,-0.05669413,0.6015925,0.025677562,0.017695367,0.57433766
0.19563627,0.39994243,-0.27436805,-0.51341474,0.0,0.0,2.7023582,3.273096
0.55052066,-0.19195297,0.6701882,-0.041756056,3.9518113,0.0,0.71474326,0.47702295
15.679075,8.833565,11.618745,-3.3051562,0.0,0.0,23.831678,27.380589
-0.26623645,0.63140345,-0.38838902,-0.51165783,0.0,0.0,3.0527945,0.98335737
7.6453176,-0.9823201,11.158034,3.6721277,0.0,13.790397,0.0,16.396164
-2.384617,1.5917909,-0.8539648,-0.44555238,0.0,0.0,0.0,22.958475
-0.42054883,0.032864243,-0.043291092,-0.12343203,0.69848084,0.0,1.1770325,0.0
1.6574786,0.25198314,1.7247449,-0.10356861,0.0,0.0,14.544247,9.230537
1.1905059,-0.42628035,1.7015666,0.4213927,0.0,3.9524312,0.0,4.9437747
-0.19004357,-0.28450406,0.13065125,0.017012216,0.0,0.43267852,0.98767567,0.29294127
-0.72086984,-0.20494212,0.2021119,0.07673003,0.0,0.0,13.587166,8.357814
0.06859813,0.0334886,-0.061869726,-0.2662421,0.0,0.0,11.739135,4.554675
-11.1611,17.742922,-9.684035,-7.152938,0.0,4.561643,0.0,7.918031
0.1702343,-0.36389065,0.43709078,0.20340534,0.0,0.0,18.045336,8.383319
2.092673,1.3317126,1.0485775,-0.8482728,0.0,0.0,10.860554,4.3399444
3.7468617,6.9391932,-3.4412806,-4.806587,0.0,0.0,44.792118,31.814789
0.18206884,0.5466391,-0.35703388,-0.5935999,0.0,0.0,12.799386,8.636774
3.5189173,0.67162716,3.7706103,0.12982833,0.0,0.0,1.0928879,0.0
-1.4293177,6.929544,-3.9158561,-3.785174,0.0,10.239493,0.0,7.0378
-0.11113119,1.6006656,-0.94370186,-1.112739,0.0,0.0,18.126957,8.391697
0.22993788,-0.25922817,0.28726503,-0.07030529,0.0,0.0,4.3370237,1.9885343
0.51467127,0.14992902,0.18430865,-0.30900785,0.0,0.50360036,0.5895284,0.0
-0.010818671,-0.30748028,0.17049712,0.023919016,0.0,0.0,5.2142587,5.8646216
28.911715,27.822933,7.4133725,-14.72704,0.0,10.391514,0.0,35.90635
-0.58336365,-0.042013943,0.0052280724,-0.03307064,1.806163,0.0,0.0,0.27290574
7.9224052,14.443587,-6.743364,-9.517146,0.0,0.0,3.078855,1.7603974
0.76699275,-0.10560994,0.8768493,-0.053385153,0.0,0.0,12.653995,9.866547
-4.2659445,5.049782,-2.7444165,-1.880958,2.0588315,0.0,0.0,0.0002341345
0.54257053,2.7270823,-1.6066921,-1.9491583,0.0,0.0,18.607569,3.550702
0.17903784,-0.36731204,0.32777023,0.16322951,0.0,0.0,12.193378,5.0998363
0.38189346,0.5390165,-0.35260364,-0.64190423,0.0,0.0,1.6028258,1.8029336
-32.935326,18.98646,-9.577808,-1.5249512,0.0,0.0,96.17557,30.4364
-3.2689812,0.3251913,1.6929106,0.76342756,0.0,1.3238531,1.7484745,4.5453334
-0.49859428,0.22461477,-0.14909837,-0.21067981,0.93849623,0.0,1.1885111,0.10780387
7.858547,3.9362683,6.2385364,-1.4340467,0.0,0.0,34.436043,21.719772
2.0939946,5.638771,-3.3153093,-4.070942,0.0,0.0,2.7030215,0.7261805
0.45808846,-0.13417801,0.47125527,-0.11424635,0.0,0.5369821,0.0,1.4948057
0.027105447,-0.34978753,0.3039357,0.18210593,0.0,5.463673,0.0,2.3193643
-0.5380405,0.34958586,-0.2184825,-0.270868,0.0,1.3107383,1.1988251,1.6993393
-0.3342165,1.7995142,-1.0481297,-1.1618185,0.0,0.0,5.929421,1.6704966
0.8978736,-0.26776618,1.1824802,0.15956956,0.0,6.19354,2.2699924,19.753328
1.1042006,0.9984448,-0.02933541,-0.8050725,0.0,0.0,4.1741676,9.232283
3.6865845,1.4067525,3.2655156,-0.50012845,0.0,1.0736278,1.1643707,2.9687076
0.78725207,0.1469737,0.60615873,-0.2519838,0.0,0.0,2.0716853,1.3079839
0.25255147,-0.121147424,0.13381372,-0.16181232,0.0,0.0,1.2308503,0.0
-2.650407,0.6620939,-0.31695986,0.16507076,0.0,0.0,10.71509,21.511957
-1.0602556,0.29249874,-0.1666596,-0.08604398,0.0,0.0,3.4925146,3.0755723
-1.0555971,-0.12562276,0.19558367,0.12252751,0.0,0.0,9.329597,7.6634564
0.01661989,1.3432719,-0.80252945,-1.0023177,0.0,0.0,8.710209,5.9693723
0.17386582,0.83506966,-0.5202571,-0.75663745,0.0,0.0,12.2883415,13.25499
-2.8357756,2.6981676,-1.4644281,-0.9487146,0.0,19.534935,0.0,18.916433
0.21621476,0.031397104,-0.02862288,-0.28059387,0.0,0.0,5.359445,1.238856
3.1605034,1.4637134,2.4436617,-0.6853882,0.0,0.0,8.423989,4.1851234
-1.7160803,0.76740813,-0.4114801,-0.16743074,0.0,4.412638,0.0,3.0536122
17.886686,49.799015,-28.940859,-33.997837,0.0,8.8337345,0.4436897,12.521086
0.31223184,-0.3341573,0.4843153,0.04213602,0.0,0.0,35.35969,4.7454104
-0.39738294,0.787596,-0.4720579,-0.5630474,0.0,3.8023636,0.0,2.7452378
1.1401374,0.42936233,0.77349865,-0.384373,0.0,0.24815342,1.7815632,2.0999985
-0.036692332,0.3464119,-0.2353622,-0.4150529,0.0,0.0,2.1345968,1.2416261
3.0661194,2.5180538,0.9951639,-1.522302,0.0,0.0,10.550075,11.653425
0.3327405,0.4070345,-0.26978892,-0.54739666,0.0,1.6984992,0.20332074,1.1799356
0.21962075,-0.21090789,0.20397994,-0.10495951,0.0,0.0,11.455504,6.9819913
11.530101,10.419422,3.6090367,-5.5699816,0.0,0.0,16.537338,5.572582
-11.656672,23.714733,-13.051356,-10.433687,6.7481527,0.0,0.34360072,0.96096534
-0.54118025,4.417473,-2.5246994,-2.6030493,0.0,7.5257688,0.0,7.820661
-10.906656,32.10871,-17.838362,-15.466392,0.0,14.697919,0.0,39.476906
4.510459,2.9530885,2.5919383,-1.5181172,0.0,2.807575,0.0,2.206311
0.6954094,0.5655339,-0.09461096,-0.5682235,0.0,0.0,8.297362,10.913492
-0.11637759,0.20108971,-0.1500012,-0.3084984,0.7307559,0.0,0.0,0.8236119
0.15081753,-0.04898694,0.0108861625,-0.22165592,0.0,0.0,9.514378,3.8542295
-0.91094524,-0.163785,0.56174505,0.19763246,0.0,0.0,6.460279,0.7935731
-1.0634912,-0.14871019,0.33693042,0.107565984,0.0,0.0,40.596302,15.111707
-1.7207929,-0.02290672,0.4639132,0.18540294,0.0,0.0,30.043652,8.727721
9.307877,6.9248924,4.6965637,-3.4170196,0.0,0.4129706,4.294687,14.354034
0.09863792,-0.35270858,0.2534754,0.16604948,0.0,0.0,7.1088414,2.6089277
-0.09131196,-0.3237679,0.37662256,0.15285833,0.0,7.1732025,0.0,4.9019647
0.13647112,0.43241706,-0.2905755,-0.51480985,0.0,0.0,7.766591,5.2619796
5.927375,5.4540076,1.525524,-3.079759,0.14177088,0.0,3.243494,0.0
-0.18721375,-0.16061434,0.05771014,-0.08041743,0.0,3.2374125,0.0,2.7559547
0.9669373,1.4251012,-0.7111374,-1.1994886,0.0,0.0,31.048067,20.46471
0.078075066,0.30415633,-0.21568093,-0.4242408,0.0,0.0,3.1593623,4.302678
-0.8002899,-0.087313145,0.038993202,0.056084707,0.0,0.0,10.518913,8.735548
-0.31323957,0.0046533644,-0.031294763,-0.13850316,1.4885538,0.0,0.0,0.35925347
-0.1034804,2.0171213,-1.1801013,-1.3538212,0.0,0.0,6.860362,4.016094
0.7207817,0.99861324,-0.53280675,-0.93625975,0.0,0.0,26.151873,18.178526
0.4971325,-0.36987138,0.76597035,0.12772515,0.0,6.0082684,0.0,4.2076855
0.66504055,-0.2683047,0.8819829,0.077573724,0.0,2.105894,3.7216916,12.539098
0.01473866,-0.33285058,0.56191874,0.24644023,0.0,7.448305,0.0,11.267192
-0.6417407,0.4302219,-0.26033634,-0.2869159,0.0,2.6809423,0.06336105,2.989461
0.17319879,-0.2854313,0.24357857,-0.057590965,0.0,0.0,4.459439,5.042104
-0.54140306,2.5409389,-1.4607694,-1.5267172,0.0,1.6817749,0.4003656,2.1385584
0.3286606,-0.14968872,0.29746878,-0.13176626,0.534338,0.0,0.0,1.3310331
1.1127713,-0.19645585,1.3996593,0.16288455,0.0,7.2813053,0.19795263,13.317509
0.5121467,0.44747928,-0.18695268,-0.540695,0.0,0.0,4.948711,1.5927038
0.27206406,0.5939107,-0.387188,-0.646921,0.0,0.0,14.373857,10.748194
-0.25838307,-0.28136206,0.15305322,0.0037863553,0.0,2.5133777,0.1797576,2.577958
2.4441156,3.0920157,-0.7418134,-2.0460362,0.0,0.0,13.594293,7.5684414
-0.38356873,0.5893229,-0.36015937,-0.45335284,0.0,1.3620324,0.0,0.5240552
0.25295177,-0.18067837,0.21625341,-0.120774694,0.0,0.0,3.3491335,0.6178668
-22.077444,16.133919,-8.365072,-3.0509946,10.015175,0.0,0.75650513,1.7253319
0.037725534,0.057176232,-0.07414946,-0.27083704,0.0,0.0,3.8355322,4.8145604
4.6134033,2.232118,3.6125567,-0.91979,0.0,4.23945,0.0,2.157109
-0.44009227,-0.1413605,2.2149591,0.8021095,0.0,0.0,7.0444317,5.3481407
0.16251849,-0.24425979,0.17859453,-0.08678997,0.0,0.0,5.9909706,5.398175
0.7216957,0.39358565,0.18413666,-0.44596568,1.7842579,0.0,0.41565162,0.79864305
-0.25004604,0.12119037,-0.09972119,-0.22374533,2.4148252,0.0,0.5017389,0.28034815
3.9855127,2.9352765,1.8396711,-1.6294811,2.6193695,0.0,0.38064843,0.29897177
0.29084152,0.15184638,-0.095620394,-0.3684342,0.0,0.0,5.9772935,2.2093458
5.12509,8.996281,-4.10012,-5.97958,0.0,0.0,20.950686,9.505361
0.23712991,-0.21327265,0.23546049,-0.10068695,0.0,0.0,3.5219984,0.37063152
19.54334,15.051753,9.629592,-7.2076874,0.0,0.0,5.5651417,1.9638969
-0.34918845,-0.17988712,0.07467192,-0.022192592,0.0,3.7790227,0.0,3.685159
0.792378,0.09583217,0.67692304,-0.21106467,0.0,0.0,1.9068965,1.6188654
-0.267971,5.096788,-2.920024,-3.072229,0.0,4.525749,1.263604,13.301033
1.3312464,1.4267632,-0.2511563,-1.0659815,0.0,0.0,18.201374,18.01999
1.4830834,-0.47033188,2.1198096,0.5684611,0.0,8.539605,0.0,7.582256
0.2457128,0.3548744,-0.25068197,-0.50215,0.0,0.0,1.4426228,2.1989584
-5.128923,5.1602798,-2.7749119,-1.693012,2.3791828,0.0,0.0,1.212717
-0.8852865,-0.18380494,0.29785112,0.08827187,0.0,0.0,23.204523,11.006828
-0.04972862,-0.32812086,0.19610621,0.12876517,0.0,0.0,9.5474,1.08352
0.9302039,0.14966401,0.8097228,-0.2174609,0.0,0.0,2.5518665,1.9966027
0.06897858,-0.2144241,0.10851835,-0.102362946,0.0,0.0,3.6361065,1.7721561
0.55700624,0.097598225,0.32457063,-0.26665607,1.6155039,0.0,0.34559143,0.12711239
0.8591028,-0.20612085,1.0799052,0.08287957,0.0,0.50520235,6.3273296,15.837704
-0.32453054,0.32820365,-0.21431455,-0.32078397,0.0,0.0,4.994428,1.8150803
10.17009,10.172355,1.8235465,-5.64855,0.0,0.0,13.334277,5.362367
0.86391395,-0.35687178,2.8091516,1.074602,0.0,6.508507,1.0805258,17.033268
1.6886393,3.5156195,-2.0964622,-2.7351801,0.0,0.0,25.314121,12.088894
0.09793269,-0.3300693,0.23167899,0.059932455,0.0,0.0,37.206467,17.473804
3.2990346,3.0752418,0.6137432,-1.8761203,0.0,0.0,7.918259,8.044105
0.05671039,-0.18537912,0.083769314,-0.121832274,0.0,1.6411726,0.3162899,1.2551526
-1.5825462,2.5305521,-1.4160895,-1.2175528,0.0,4.4361773,0.0,6.9253135
-11.844827,3.2186255,-1.4238483,1.3764455,0.0,3.7413573,0.0,2.1428022
-0.017626863,-0.32050285,0.18352681,0.0674531,0.0,0.0,6.1847444,6.9008007
-0.38133582,-0.25964412,0.58363795,0.19496939,0.0,0.0,33.731335,11.06805
0.7169483,0.29983076,0.30352387,-0.38101864,1.3659357,0.0,0.079410315,1.0215105
1.6696978,10.8151045,-6.2342815,-6.91621,0.0,0.0,0.0,1.3123605
0.30544597,-0.36203104,0.5082256,0.10316737,0.0,0.0,25.621264,4.364741
-2.6417346,5.6893187,-3.167524,-2.720769,4.4015236,0.0,0.0,0.36365005
1.4016509,2.1022012,-0.94796216,-1.5951693,0.0,0.0,34.88327,15.178156
1.5837752,2.9031346,-1.5782192,-2.2313035,0.0,0.49267513,1.2843846,3.3873093
0.56836516,-0.34091315,2.1035998,0.7762276,0.0,0.0,36.774315,21.109045
1.3769302,1.7912961,-0.6548387,-1.3249655,0.0,0.0,36.701637,23.845913
0.13061926,-0.33744147,0.24995005,0.07944093,0.0,0.0,7.4218225,3.2799234
33.497463,64.83165,-31.510267,-42.39197,0.0,14.805225,13.486815,53.961796
-0.039923597,0.829288,-0.5090139,-0.6910606,0.0,0.0,16.497965,9.332699
-1.0567254,0.620695,-0.35286567,-0.27530575,0.0,3.6518147,0.0,4.216868
-0.9165299,1.0363151,-0.5937296,-0.5545089,0.0,0.6135622,0.91711974,0.79039156
0.24370117,-0.058924407,0.049922504,-0.21607806,0.0,0.0,1.7314266,1.7099248
1.024767,0.78600395,0.13383701,-0.6704338,0.0,0.0,13.294923,4.528256
4.1796103,1.251885,4.1384,-0.2332592,0.0,0.0,5.1051745,0.83454925
1.0027648,0.4482011,0.5480852,-0.43206766,0.0,3.2711844,0.0,2.2464976
6.8373632,8.676818,-1.3527266,-5.213212,0.0,0.0,25.634874,6.4426537
0.4301053,0.32545224,-0.14817002,-0.47125676,0.0,0.0,1.3119487,1.4046081
0.4465594,-0.37294236,1.0177612,0.28635922,0.0,0.0,14.3179245,13.100732
17.898466,21.529663,-1.3029102,-12.309704,0.0,1.4067569,0.4461019,1.9464172
-1.6072423,0.88762856,-0.48369548,-0.26807833,0.0,7.027131,0.0,8.427922
16.993269,3.732349,18.583103,1.7812932,8.825099,0.0,2.7309709,1.6229918
3.8115082,19.948038,-11.492101,-12.778063,0.0,32.64207,0.0,26.521595
0.14032933,0.053521156,-0.06704301,-0.29215148,0.0,0.0,5.3931875,1.5946593
0.86170655,1.7141882,-1.0443109,-1.4611638,0.0,0.0,10.483301,7.9766297
-4.0975537,4.006825,-2.1593747,-1.3318201,0.0,0.0,0.0,3.9250355
3.2262788,-0.23648553,4.1747847,0.9472128,0.0,0.0,54.29755,29.885437
0.51518345,1.8247267,-1.094071,-1.4236457,0.0,0.0,6.370874,1.1839985
1.3705626,0.80521345,0.64398193,-0.61805177,0.0,0.0,18.607779,4.4334707
1.0118829,2.029702,-1.22879,-1.6858585,0.0,0.0,9.258526,5.495716
0.11613755,-0.32280114,0.24967681,0.013419766,0.0,3.3007462,0.23219693,4.3468475
-0.39659193,-0.21417724,0.095879234,0.011279244,0.0,7.374088,0.0,9.787561
22.655407,12.983371,16.682663,-4.8006096,0.0,0.16259867,6.147206,10.043994
-0.1161764,0.9500079,-0.5746162,-0.7380915,0.0,0.0,7.125857,6.7954426
13.189782,4.899155,12.690667,-0.7692592,0.0,0.0,70.17456,39.935394
8.59132,10.863195,-1.5424107,-6.444518,0.0,0.0,28.719913,9.923156
0.57970035,-0.39032105,1.0407166,0.2632402,0.0,5.9259505,0.0,2.9463847
-1.3855348,-0.0953778,0.36001772,0.16091418,0.0,0.0,40.942135,12.565099
2.5669224,1.351009,1.7243816,-0.7502458,0.0,0.0,14.140908,6.319608
1.1521832,1.6388898,-0.73531926,-1.3001322,0.0,0.0,43.554325,21.931273
5.6033583,-0.6594411,12.302206,4.8018885,0.0,0.0,31.775505,22.313711
32.92751,16.127523,27.673428,-4.616769,0.0,19.012548,0.0,14.003286
0.8371507,0.33211663,0.44677263,-0.38113844,0.0,0.0,2.9982886,2.0325782
-1.5606697,5.1324835,-2.8920984,-2.7162352,0.0,3.7312992,0.0,1.565153
2.1502259,2.5515022,-0.47348973,-1.7180772,0.0,0.0,10.125199,4.2452493
1.7163261,6.1768236,-3.606293,-4.2695503,0.0,0.0,2.1688838,0.5183493
-2.1662521,0.093688756,1.1197324,0.48201668,0.0,0.0,6.054703,9.494751
-0.22867958,-0.3022688,0.22682324,0.033903807,0.0,0.0,1.8942679,3.7943866
0.49587625,-0.38553223,0.8626492,0.19298232,0.0,4.7685146,0.0,2.8022075
0.2931406,0.50637686,-0.33834502,-0.60285485,0.0,0.0,4.033085,4.7981005
-0.061883103,0.17253831,-0.13584402,-0.3079932,0.64595735,0.14764276,0.07861236,0.3704483
-5.1883693,0.7307652,2.7222257,1.2621987,0.0,0.0,8.27655,12.524994
0.20998062,-0.20045394,0.17370665,-0.11337845,0.0,0.0,15.697269,10.145453
0.16297758,-0.35672963,0.31380495,0.08156183,0.0,0.0,12.796069,3.84558
0.5127319,-0.27498895,0.69052863,0.030574061,0.0,3.8588176,0.0,3.2657118
1.4113847,0.33065012,1.2839307,-0.23565546,0.0,0.91578805,0.79922396,1.4817137
1.2862365,0.58854556,0.788838,-0.47091246,0.0,0.0,16.039484,4.2866607
1.9624763,1.7708517,0.27719358,-1.1968795,0.0,0.0,7.130676,3.4450202
13.817403,28.057608,-14.505022,-18.913095,0.0,9.995463,2.0758996,19.446281
-1.5726653,3.4295933,-1.926179,-1.7360662,0.0,3.3066924,0.0,4.3611646
0.13481256,-0.30000982,0.24463803,-0.042876936,0.0,4.3811884,0.0,4.934296
-2.1541324,0.13491094,2.0911279,0.9493673,0.0,0.7026038,1.0994704,1.2310058
0.24855234,-0.09094295,0.0879084,-0.18450712,0.0,0.0,1.4705086,0.3014847
4.975151,3.6282485,2.4282024,-1.9219872,0.0,1.8318737,0.0,1.1717632
-0.44330978,0.123490095,-0.09382442,-0.16878103,0.7554933,0.41545933,0.0,0.9805376
1.1808186,0.15533933,1.1617092,-0.15532407,0.0,0.31690004,1.7120099,1.2220993
2.5286703,4.958856,-2.6925118,-3.6223845,0.0,0.0,28.028063,15.843669
0.40900326,-0.24521296,0.5320928,-0.03722868,1.6468863,0.0,0.18256289,0.40280518
0.40673456,-0.36888734,0.66197836,0.10206899,0.0,0.0,16.445625,9.286598
1.0734063,5.0079856,-2.9196534,-3.41194,0.0,0.0,46.50366,13.351805
-4.681148,3.4056695,-1.7967993,-0.817076,0.0,0.0,34.50828,8.778485
0.21692662,2.192875,-1.2916843,-1.5479332,0.0,0.0,21.586061,3.151422
6.121005,0.10606274,7.6275544,1.6220406,0.0,0.0,5.7790627,12.759915
0.065233424,-0.25091767,0.1371118,-0.077728614,0.0,0.0,2.7859845,2.29424
5.317951,5.302477,0.7804221,-3.0861652,1.8496981,0.0,2.8299632,0.0
0.81029284,1.2108573,-0.65633416,-1.0839546,0.0,0.0,14.784654,19.788824
0.9902722,0.053275555,1.0102012,-0.12370916,0.0,0.0,5.258679,5.146133
1.1290197,1.4362804,-0.551734,-1.1276168,0.0,0.0,18.45376,15.870136
10.614788,1.7234229,12.051609,1.5689336,0.0,0.8008587,0.0,0.0939398
-0.2613148,-0.27531374,0.6491659,0.20614487,0.0,0.0,8.068419,3.3058348
-0.87865037,0.010584354,-0.013591334,0.022757106,0.0,0.0,7.653752,8.327648
-0.101779506,-0.13834718,0.041902423,-0.11806914,0.0,3.0411265,0.56798995,3.501153
0.3071384,-0.28083032,0.4273608,-0.0348276,1.1070021,0.0,0.38369584,0.17551151
3.2820187,1.859104,2.1495051,-0.9730258,0.0,0.0,4.8846765,2.3625383
-2.5673032,0.48319283,6.2637844,2.5210211,0.0,0.0,6.4274735,5.404468
-0.7570204,-0.16862717,0.12350994,0.080579266,0.0,0.0,6.84386,4.432122
0.519635,-0.2762069,3.0746052,1.1806263,0.0,0.5308002,1.1987579,0.93836826
0.8352437,8.170954,-4.7040606,-5.1566696,0.0,3.9356859,0.03841698,4.9259734
0.16648489,0.16104314,-0.13783526,-0.36790684,0.0,0.0,3.6234484,2.3938715
-5.753392,4.962182,-2.6393316,-1.3975337,2.5298178,0.0,0.732518,0.33937797
-2.1038253,1.1512994,-0.61468494,-0.27468655,0.0,18.296122,0.0,9.847854
-0.81453294,3.805262,-2.167415,-2.1723146,0.0,2.8247752,0.0,3.8044868
0.3348503,-0.2226944,0.3990229,-0.075021744,0.8647795,0.0,0.0,1.2017757
-0.581612,0.9631126,-0.5647049,-0.610061,0.0,0.66565955,1.3303057,1.4560286
-0.47095418,0.6818253,-0.40934888,-0.48095784,0.0,1.2229846,1.3966575,2.2653732
3.982306,3.6360023,0.92723477,-2.1476214,0.0,2.5465572,0.7335905,4.0382442
2.0889218,-0.30743623,2.7621949,0.6182444,0.0,0.0,16.604012,16.118494
1.8217528,2.0158546,-0.26859412,-1.3980672,0.0,0.0,1.4837025,3.281904
-0.38744318,-0.051543266,0.0033312142,-0.08466217,2.0192506,0.0,1.568115,0.60138875
5.7930927,9.232157,-3.6380155,-5.855962,0.0,0.0,14.00633,6.0721507
-1.5155386,0.31791195,-0.16410497,0.03197041,0.0,6.1673985,0.0,3.732655
-1.1765276,0.13671002,-0.07400136,0.037168436,0.0,0.0,2.1185303,3.2621303
-0.39445868,-0.12247063,0.043805674,-0.041939404,1.1186682,0.0,1.289412,0.0
0.855503,0.28564826,0.53259176,-0.34153318,0.0,0.0,2.9944167,2.0271761
-1.2532912,2.0468485,-1.1541157,-1.0360167,0.0,4.935531,0.0,4.710824
0.13708411,-0.18397914,0.10710032,-0.12623134,0.0,0.0,7.6718593,4.3952956
1.8649273,2.5817091,-0.9518188,-1.7967162,0.0,0.6542578,0.40712535,3.630179
-7.7473507,1.3806015,0.28027847,1.0431389,0.0,10.095139,0.0,12.19413
0.40689483,0.34848753,-0.19628933,-0.5039515,0.0,0.38401437,0.98267186,0.48239422
5.8621635,0.60352767,6.8610215,1.0278033,0.0,0.0,9.2101145,2.1776364
-0.13525753,-0.26797166,0.11972659,-0.03471,0.0,0.49967766,1.3161167,2.0338645
1.7918496,0.010690719,12.155897,4.931673,0.0,0.0,26.234064,18.33637
-0.121823594,-0.047357857,-0.008938208,-0.16441783,0.0,1.8659654,0.0,3.2004056
-0.5205984,0.109677404,-0.083113536,-0.13835052,0.46560022,0.33526546,0.0,0.5716187
0.036299873,-0.081258625,0.0043908656,-0.19102393,0.0,0.47075698,0.83875144,1.2901814
0.035698712,-0.2207926,0.103512965,-0.096218266,0.0,0.0,4.1447587,1.3058342
-4.925586,8.343828,-4.5874367,-3.5781207,2.4991126,0.0,0.0,4.436481
8.154198,7.783703,1.8777868,-4.323289,0.0,0.0,1.7860649,0.0
0.34227258,1.537995,-0.925063,-1.2088375,0.0,1.6814668,0.0,0.4851712
4.9625797,-0.6944058,9.056055,3.291297,0.0,10.265405,0.0,17.944456
0.9858014,2.4022107,-1.4390165,-1.8919116,0.0,0.0,10.902977,2.2241173
0.037071023,-0.33933005,0.20249555,0.16109394,0.0,0.0,30.05417,9.5346
1.567477,-0.32202342,2.0987446,0.44945258,0.0,0.0,8.04068,9.665225
0.91442436,0.73170507,0.030231208,-0.6495366,0.0,0.0,15.948541,6.3680806
0.07228103,-0.35707653,0.2952651,0.18281206,0.0,0.0,6.3458257,2.9932606
10.043316,5.3987136,7.631661,-2.0342135,0.0,0.0,57.59602,44.53076
5.171357,1.6878151,5.0474567,-0.32558298,0.0,0.0,4.280506,1.273788
0.3014325,-0.018670678,0.071788654,-0.22494219,0.0,0.0,2.219121,0.8248711
-0.19535159,-0.30502748,0.36913562,0.12087436,0.0,0.96551687,1.5324576,1.7961012
-0.080603436,-0.29726735,0.80582,0.25584316,10.558233,0.0,1.7988658,1.7405757
-0.6949732,-0.17234428,1.1395664,0.44397476,0.0,0.0,9.042123,11.0503845
0.7512737,0.75161135,-0.24707857,-0.6962192,0.0,0.0,12.802064,8.609932
-1.1815262,1.1781418,-0.6642666,-0.5586786,0.0,0.0,2.2642894,2.188844
0.84665066,3.9044623,-2.2855504,-2.7129886,0.0,0.0,33.19907,10.495217
-6.4711003,1.4217103,-0.6052815,0.8420829,0.0,6.7022877,0.0,3.7062047
0.021620873,-0.13190489,0.03437852,-0.15717083,0.48907617,0.11488378,0.6547998,0.0
-0.1643849,-0.26333508,0.11580539,-0.028319882,0.0,0.20772013,1.1410129,0.40552232
0.1081572,-0.28292048,0.21218121,-0.054016236,0.0,0.0,5.883147,2.39159
0.21237536,-0.122853085,0.086214125,-0.17110814,0.0,0.0,1.4931667,0.25117898
0.42593586,1.4004478,-0.85019624,-1.1543136,0.0,4.5892806,0.0,3.5978324
0.3648134,-0.36001903,1.0570958,0.32698223,0.0,0.0,11.685376,15.63168
-5.9568176,7.37634,-4.0004864,-2.7229068,6.2212596,0.0,0.0,3.4712315
-0.036242355,0.09735519,-0.09417346,-0.27233994,0.0,1.1424079,0.51118314,3.521174
0.7761735,-0.39999646,1.5067556,0.4546066,0.0,6.394667,0.0,4.9689693
2.8829494,5.2970524,-2.6662066,-3.7506003,0.0,0.0,32.15136,17.150915
0.3799227,-0.3276978,0.56397605,0.037145063,0.0,0.0,37.47714,10.494496
-3.7681363,1.9893266,-1.027805,-0.27063918,0.0,16.906054,0.0,11.036299
4.213421,6.0000954,-1.8785614,-3.7843888,0.0,0.0,13.022877,11.273485
18.938894,38.14898,-19.465696,-25.497292,0.0,7.20467,5.942633,23.750315
0.74738306,0.17878976,0.50710726,-0.285599,0.0,0.0,2.6857944,1.7936374
0.20445015,-0.046729684,0.025455475,-0.22553222,0.0,0.0,4.589579,2.6909697
0.7023812,0.22704509,0.37755632,-0.33153647,1.0232376,0.0,0.31739038,0.0
-1.2529523,0.25830522,-0.14009371,-0.010314481,0.0,1.0351706,1.5962576,2.6446543
0.3291803,-0.06952131,0.18654306,-0.18584195,0.0,0.422417,0.3283698,0.33096576
1.9209402,0.36465982,1.969192,-0.12508279,0.0,2.6438596,1.990671,8.306857
0.27003598,1.825796,-1.0855436,-1.3528657,0.0,0.0,14.74638,3.2844648
3.2507992,4.5843654,-1.4864917,-2.954664,0.0,1.7342138,1.619151,6.1646814
-13.022689,5.2036257,-2.5053816,0.5809916,0.0,12.765654,0.0,10.282133
-0.0033548363,0.047839224,-0.06732516,-0.25351822,0.0,0.0,2.9367661,4.718275
-0.48691714,0.43547198,-0.26908132,-0.33501554,0.0,0.8276615,1.0540581,0.8405776
0.17397185,0.28635284,-0.20915994,-0.4419573,0.0,0.0,3.4204783,3.988978
1.2816894,1.054158,0.17547879,-0.81354713,0.0,0.0,6.3948274,2.0264068
2.3867397,-0.4608478,5.782884,2.2527378,0.0,1.6956403,0.0,4.394176
1.1933829,3.2595882,-1.9328502,-2.4441047,0.0,0.0,27.374836,10.946178
10.100773,8.262645,4.1994214,-4.257805,0.0,0.0,17.245995,7.164141
1.3411236,0.1307989,1.4180582,-0.09141305,0.0,0.0,2.3256109,2.837928
0.197145,-0.3482762,0.82758045,0.30988717,0.0,0.0,33.46663,19.519485
0.50410193,0.22706935,0.06147796,-0.36383012,0.0,0.0,19.321766,8.7315645
-0.85844177,0.07756454,-0.052319407,-0.021543935,0.0,0.0,17.832968,5.788749
-7.8799,10.076491,-5.459717,-3.7115014,2.5211864,0.0,0.0,2.590512
0.71588916,0.010231286,0.6683049,-0.1618495,0.0,0.0,2.0513678,1.6414129
8.4335,0.59025264,10.200662,1.9499882,0.0,0.0,4.7579036,1.2168766
0.71739995,0.832093,-0.36541632,-0.7865489,0.0,0.0,33.7706,16.320406
-1.6564668,1.6530222,-0.91581,-0.69272673,0.0,11.105849,0.0,8.772384
0.17043784,1.3813416,-0.8298445,-1.0689479,0.0,1.0563434,1.2288883,1.7976178
0.21868287,5.477574,-3.1540463,-3.4323506,0.0,4.898972,1.0231708,15.640891
1.6577636,2.0894458,-0.6318743,-1.4749225,0.0,0.10972482,0.9983541,3.27058
-7.311733,6.972407,-3.7209907,-2.0966496,0.8623338,0.0,0.563395,0.03408558
-0.055234622,0.42160866,-0.27730498,-0.45278123,0.0,0.0,2.6010323,1.1391165
-1.2754413,-0.04630834,0.09460607,0.15636495,0.0,0.0,11.351823,3.998629
0.4159171,-0.09902111,0.36584222,-0.15174377,0.0,1.0442753,0.0,1.7953058
-0.32162127,-0.28452915,0.21319437,0.033816546,0.0,2.191069,0.3477434,2.4212308
1.154341,1.3102016,-0.37571874,-1.0128031,0.0,0.0,9.154422,9.225206
0.7602581,2.3297803,-1.3895478,-1.7846859,0.0,0.0,36.995754,8.484034
0.08033517,0.4572023,-0.30253622,-0.51267695,0.0,0.0,1.8366464,1.0926297
6.1671343,2.0969493,5.9869795,-0.39067876,0.0,4.8486347,0.0,3.1739073
0.09674841,0.102752835,-0.10218868,-0.31416598,0.0,0.0,1.9167395,1.8460127
1.9254565,0.4977258,1.8220937,-0.23409557,0.0,3.02087,2.5859885,10.38339
8.123243,40.164673,-23.114792,-25.628794,0.0,8.402308,0.0,8.411228
2.0022805,7.7938423,-4.5337343,-5.2802525,0.0,1.0850046,0.0,1.0772527
0.27547294,-0.3339582,0.42794096,0.051114902,0.0,0.0,30.009552,2.4026952
-6.4747167,2.2560601,-1.0781907,0.3646032,0.0,0.0,9.511342,18.293663
-2.9267232,1.0350292,-0.5181047,0.031647757,0.0,0.0,27.552248,23.300629
0.38733155,1.1903172,-0.729622,-1.0225527,0.0,0.56526566,1.6997777,6.0845833
-17.431257,16.69884,-8.858467,-4.7280855,12.734322,0.0,0.0,1.8533791
-0.057704266,-0.18018803,0.0639824,-0.10690757,0.0,1.1248295,2.2701468,4.101631
12.243023,20.659985,-8.570196,-12.983059,0.0,0.8651234,2.6155028,4.0456433
4.7319508,1.7988299,4.2978616,-0.5392678,0.0,0.0,4.593063,0.9125727
-3.4469879,10.031976,-5.59964,-4.976946,1.3503932,0.0,0.8534936,0.13517618
-3.551243,0.41447464,0.25034174,0.47567552,0.0,1.408042,3.7286124,22.841932
0.26631823,0.7506292,-0.4758272,-0.7351319,0.0,0.0,3.7426934,12.448078
21.4825,31.433064,-8.931942,-18.711922,0.0,5.267734,2.2681274,10.318023
0.18255079,-0.36144683,0.5136248,0.21493036,0.0,0.0,47.472614,18.490978
0.4727539,-0.08340567,0.43048057,-0.15037654,0.0,1.1147194,0.0,1.498281
2.4574964,1.4867024,1.3940407,-0.8808781,0.0,0.0,21.563555,12.709283
-0.14713007,-0.13915652,0.044050954,-0.10439773,0.0,4.417232,0.0,4.0534787
5.836328,8.484742,-2.6719763,-5.2518616,0.0,0.0,24.977264,12.918505
1.8018873,-0.4666468,3.4950333,1.2200774,0.0,9.633023,0.0,30.30434
0.20720161,-0.3220806,0.31711373,0.00031263754,0.0,0.0,10.796517,1.7071501
-0.032206077,-0.3394936,0.3191096,0.1708129,0.0,1.9782786,0.0,1.2731174
4.4343715,13.230536,-7.7067437,-9.1067,0.0,0.0,0.0,2.558772
-0.4145218,-0.268844,0.28519446,0.062103808,0.0,1.1467049,0.61846447,2.3525414
0.022388443,0.4646239,-0.30458504,-0.50005794,0.0,0.0,2.215304,1.1023421
-0.38551497,-0.27036184,0.35793263,0.09362809,0.0,0.0,22.777605,8.694651
0.51779276,-0.16632363,0.5939988,-0.07184553,0.7259116,0.0,0.0,2.5189326
-2.1174912,6.5023355,-3.6480055,-3.3397393,0.0,2.9598205,0.0,1.053795
-1.1544834,0.82199967,-0.46335533,-0.36229244,0.0,0.5589663,2.3048048,3.565917
0.13694963,-0.0032067,-0.026358694,-0.2524983,0.0,0.0,12.555829,2.9198244
-1.4595988,0.0838075,3.0577607,1.2277366,0.0,0.0,5.002985,1.819468
-0.18838936,-0.3123119,0.28344232,0.10444529,0.0,0.0,5.2151227,7.1334276
-0.7913486,-0.19501653,0.37997395,0.113558084,0.0,0.0,9.188288,4.7761846
-3.3282523,0.28532633,0.77716506,0.37470302,0.0,0.0,3.7892056,1.3065313
-0.04862375,-0.11613168,0.027326614,-0.14629093,0.0,0.21541855,1.8030196,1.7165304
0.4803021,0.5398389,-0.31534567,-0.64079887,0.0,0.0,1.7200495,1.1099558
0.49169233,0.7095338,-0.4458501,-0.76618475,0.0,0.0,2.260301,1.7443352
-0.3239368,-0.28058547,0.3922863,0.111230835,0.0,0.0,17.924904,9.072411
2.6314206,2.5733714,0.24636593,-1.6439242,0.0,0.0,15.423927,14.410372
0.2227725,-0.31550777,1.4211147,0.49402446,0.0,0.0,24.896297,22.476505
4.9662104,11.298506,-6.631172,-8.153488,0.0,0.0,10.885665,1.1022183
3.6208484,2.29927,2.0952282,-1.2274843,1.7286291,0.0,0.0,5.8458967
-0.18333763,0.1731582,-0.13167036,-0.27297813,1.0991395,0.0,0.0,0.6142809
1.7808163,2.7624347,-1.2260348,-2.0036287,0.0,0.0,10.2626505,2.6777947
0.47848186,0.14373088,0.13470376,-0.3103544,0.006668279,0.3305291,0.6027896,0.0
4.6159134,7.2764997,-2.8713465,-4.673444,0.0,0.0,43.792908,24.672987
-6.1382422,15.572974,-8.6409,-7.371169,2.2557328,0.0,0.0,1.7852591
0.254269,-0.2373752,0.29661635,-0.08176495,0.0,0.0,2.8765397,0.28514165
-0.047220144,-0.26312542,0.119487464,-0.058569774,0.0,0.51170003,2.0515294,3.0478625
4.0181494,8.002383,-4.246777,-5.636071,0.0,0.0,14.645612,15.700061
1.2165868,0.0071835816,1.3596135,-0.0076459944,0.0,1.527241,2.2251558,6.031472
0.72048706,-0.18692143,0.8839066,0.014442638,0.0,0.0,6.7774267,13.623945
3.1270413,2.1593237,1.5401009,-1.2367914,0.0,0.6896288,0.0,1.1387244
0.10216416,-0.1777669,0.09135108,-0.12950712,0.0,0.11364597,1.7779628,1.5120864
-0.768628,2.383096,-1.3628125,-1.3700143,0.0,1.2161126,0.35301423,1.4264828
-0.34022352,0.11776608,-0.09441993,-0.1955194,1.9923408,0.0,0.419503,0.18925327
0.062084414,0.16225085,-0.1346302,-0.33819544,0.0,0.0,5.779425,6.1233373
4.3610616,5.0676627,-0.39027676,-3.1005962,0.0,0.0,13.013318,12.323392
-0.7683343,0.6579958,-0.38475868,-0.38068607,0.0,4.8834763,0.0,5.351908
0.09387435,0.011865675,-0.05016698,-0.26092023,0.0,0.0,9.40922,2.6070478
0.13339575,0.29925755,-0.21496466,-0.43754193,0.0,0.0,3.895451,3.605098
-2.3649676,0.92163,-0.47474167,-0.06691079,0.0,0.0,5.202983,5.8317537
11.733736,12.809117,0.7389952,-7.238221,0.0,12.574174,0.0,20.213142
-5.0915756,0.6865268,0.42622685,0.70321476,0.0,2.3556242,0.812611,2.923902
-1.9492302,4.38223,-2.4522567,-2.172776,2.7475936,0.0,1.1556242,0.44338965
-0.038749915,-0.2182881,0.08487746,-0.09057565,0.0,0.0,5.0035815,1.821757
27.353447,45.206604,-17.84,-27.656023,0.0,15.868632,2.6673121,26.99297
0.591472,-0.31796366,0.82927895,0.10211527,0.0,5.860758,0.0,5.5413213
4.5707226,9.428211,-5.128016,-6.6529408,0.0,0.0,9.746075,7.575761
-8.574207,1.3187838,2.038635,1.0201454,0.0,16.654623,0.0,20.107227
5.649574,6.783925,-0.6759654,-4.0840473,0.0,3.0786576,0.0,2.9269717
-0.022429843,-0.24942258,0.10926695,-0.0721057,0.0,0.0,4.962632,2.1490035
0.50652844,-0.019507319,0.40029764,-0.1912654,0.0,0.7694654,0.037822425,0.40287063
-11.781356,5.572643,-2.7608495,0.007838089,0.0,9.668774,0.0,10.248863
2.1939743,0.30884758,2.3663385,0.030783951,0.0,0.0,5.6323876,2.6862378
12.186195,-1.3439277,18.178514,6.134946,0.0,7.179853,0.0,6.9399576
0.44139895,-0.03718236,0.3241282,-0.19183764,0.0,0.94563997,0.0,0.6815417
1.1505449,-0.086833596,1.3548504,0.06456286,0.0,3.4897726,2.2660093,11.5997925
6.0562305,1.1152343,6.674865,0.57509077,0.0,0.0,3.1237593,0.6935779
0.009222187,-0.18995257,0.073240675,-0.1162573,0.0,0.79727787,0.9348413,1.0942906
0.28446892,-0.17508878,0.25991234,-0.120193176,0.0,0.49502474,0.0,1.0761894
1.4959698,1.6867169,-0.342325,-1.2202926,0.0,0.0,13.018118,15.832044
-2.0258217,2.1965642,-1.2102157,-0.8969043,0.0,18.138294,0.0,16.356876
0.056543496,-0.35084915,0.24972689,0.17336321,0.0,0.0,11.495154,5.155351
-0.18691088,-0.30191424,0.45206088,0.15714155,0.0,0.0,4.9282546,6.33417
-27.86617,11.823144,-5.7053533,1.1072309,0.0,0.0,18.980515,14.104504
0.2647228,-0.29398605,0.3824728,-0.035631675,0.0,0.0,0.9244815,0.0
1.4238709,0.4709883,1.1354035,-0.3457421,0.0,0.47546828,0.88947314,0.7661146
1.1637899,0.703182,0.46009162,-0.58498144,0.0,0.0,0.0,1.9035332
-0.30115175,0.19669685,-0.14062631,-0.25216803,0.0,0.5123937,0.797071,0.39853013
0.12467392,-0.35038868,0.58265305,0.25824392,0.0,0.0,39.7608,27.590845
0.44813055,-0.33272538,0.65642416,0.066456676,0.0,0.41714817,3.3810043,8.863706
0.0019161813,-0.34737092,0.26143098,0.15397285,0.0,2.7750993,0.0,2.6764722
0.048768263,-0.3293544,0.6855378,0.25781143,6.418406,0.0,2.1809244,0.84279543
0.46925288,4.4546022,-2.5833972,-2.9186082,0.0,0.0,50.258896,11.121616
0.40489674,-0.012377411,0.23019105,-0.21378902,0.0,0.6902268,0.51768225,0.23053497
1.2989514,2.8764458,-1.7195567,-2.2551014,0.0,0.0,11.576302,3.7037303
0.3377599,0.0044778585,0.099367514,-0.23590466,0.0,0.0,2.4356096,0.8127547
0.105012834,-0.3525679,0.48692605,0.23937121,0.0,0.0,36.947628,21.31757
-0.016378228,0.60093737,-0.38042513,-0.56694937,0.0,0.0,3.9069915,1.7930559
2.8316371,-0.5597781,4.808286,1.6374007,0.0,3.7260132,0.0,6.6278687
6.0794177,2.6829426,5.177093,-0.89425635,0.0,10.337041,0.0,14.124796
14.555429,22.057564,-7.2405143,-13.291284,0.0,0.36462805,1.5402607,3.2862062
8.537626,9.653151,-0.01686415,-5.587613,0.0,0.0,34.143734,12.822144
0.2417499,0.1849918,-0.1336967,-0.38857096,0.0,0.0,4.059132,2.315969
3.0429635,6.7315836,-3.9702485,-4.974077,0.0,0.0,23.456064,10.951933
1.5251176,5.0764937,-2.9753249,-3.5827823,0.0,0.0,27.12724,9.497501
-0.19884123,0.115442544,-0.098370194,-0.23536086,1.6659907,0.0,0.0,0.8491002
-3.1305916,4.085945,-2.2402596,-1.6588029,3.368473,0.0,0.0,0.0
-0.64908123,3.10685,-1.7776068,-1.8199311,0.0,3.4547153,0.0,2.6489396
17.523304,24.29237,-5.554771,-14.362805,0.0,1.6820571,0.43357867,1.3343402
4.5855565,0.046001583,5.689149,1.1420808,0.0,0.0,51.271767,23.230305
35.65375,10.132308,37.239807,1.8729413,39.78095,0.0,6.322171,7.1025014
5.0748563,5.5301895,0.10023537,-3.2953095,3.248836,0.0,0.22427037,0.4161498
3.3820844,0.9716772,3.3415384,-0.22705585,0.0,1.155535,1.0782155,2.8026028
0.42177105,-0.28426313,0.58094144,0.0077353567,0.0,3.0285902,0.0,1.7989937
-0.3119928,-0.048992246,-0.0009262413,-0.10809836,1.4712968,0.0,0.0,1.3269904
-3.0760562,5.0674415,-2.798762,-2.2376122,5.36382,0.0,0.0,0.13520685
2.220981,0.065897554,2.6095424,0.28744796,0.0,0.0,27.094896,7.772454
2.522315,1.8663582,1.016696,-1.1577284,0.0,0.0,2.9835954,7.8306684
0.022296827,0.3140467,-0.21921018,-0.4136693,0.0,0.0024313927,1.5341347,2.6926188
2.1242452,4.5500045,-2.6991482,-3.4553008,0.0,0.0,27.886768,17.475258
2.7980824,-0.4477577,7.367444,2.914707,0.0,8.797643,0.0,12.995254
0.11692825,-0.3626911,0.31106186,0.18144682,0.0,0.0,5.8519874,1.1202276
-0.035668474,2.3718712,-1.3837571,-1.5770327,0.0,0.0,10.91232,2.228576
0.018830542,-0.16112028,0.05495505,-0.1367468,0.0,0.44095194,0.61355084,0.41297847
0.028354337,-0.006728083,-0.037569016,-0.23145622,0.0,0.0,2.5206652,2.2320228
0.62249833,1.2807127,-0.7896346,-1.1428846,0.0,0.0,9.94854,11.834389
-14.599557,2.4343684,2.9159338,1.7244896,0.0,11.756315,0.0,11.98695
-0.050477166,-0.14249162,0.04234074,-0.13063267,0.0,0.0,2.339902,2.5888765
0.18685994,-0.36846843,0.37522447,0.16290784,0.0,0.0,12.543789,6.9227433
-2.7938576,1.4317812,-0.747998,-0.23459923,0.0,23.119125,0.0,11.751521
5.2393074,6.9163585,-1.4873177,-4.2576094,0.0,1.9879503,2.1827312,7.4129043
0.3040976,-0.19715568,0.32161453,-0.10186947,0.0,0.40900785,0.0,0.819943
-2.3559465,2.171781,-1.183865,-0.7865495,0.0,23.505651,0.0,23.005482
0.8204836,0.4315935,0.28877836,-0.45566595,1.1084085,0.0,0.13695067,0.77472013
9.994982,3.593468,9.66983,-0.5671351,0.0,0.0,104.16368,50.40981
31.240957,41.671295,-7.40443,-24.19631,0.0,5.204141,4.3597817,15.2298765
-0.6349229,-0.2309428,0.25315973,0.057194985,0.0,0.0,6.6342607,8.714715
-0.17079562,0.09095344,-0.08553073,-0.229483,1.815893,0.0,0.0,1.1289505
16.676863,11.05747,10.40095,-4.830925,0.0,0.0,42.26748,26.589401
-22.375486,37.3644,-20.390823,-15.140722,23.809029,0.0,0.0,3.7579424
-0.6973769,-0.20138977,0.5933906,0.20738378,0.0,0.0,7.552507,2.225575
-0.0032061301,-0.047047347,-0.013533682,-0.1991403,0.0,0.46534213,0.8493941,1.319468
-1.0791111,0.0037716925,-0.0022600442,0.08504371,0.0,0.0,15.185081,7.389792
-18.830935,4.89084,-2.1116407,2.4518948,0.0,10.854143,0.0,10.271734
-0.61859524,1.9352404,-1.1144859,-1.1568447,0.0,0.0,2.3810196,1.7003442
3.5266416,0.08449003,4.282233,0.7308206,0.0,0.0,22.674143,5.316908
1.9870274,1.4604517,0.72921073,-0.97057164,0.0,0.0,19.767904,6.7476716
-4.4310083,1.6112661,-0.7887621,0.13923867,0.0,0.0,61.337242,58.794598
7.224189,10.259047,-2.8708577,-6.264312,0.0,0.0,5.117802,0.82918304
4.923329,1.0167965,5.2928395,0.27486885,0.0,0.49084795,1.0368996,1.0336883
-0.10320318,0.095445275,-0.09059578,-0.25174382,0.0,2.0117626,0.0,2.1080017
2.5139687,5.4754386,-3.2383535,-4.099571,0.0,0.0,37.13148,19.48712
-1.2569257,3.8989205,-2.2040334,-2.0971959,0.0,6.0421934,0.0,4.2448077
14.139626,17.065882,-1.1919445,-9.829413,0.0,0.0,1.8168453,1.9364668
-0.19479863,-0.07953358,0.012023091,-0.12471157,0.0,2.8180504,0.0,1.4290248
-0.10720417,-0.31756112,0.18283994,0.09871432,0.0,1.1783143,1.1613326,1.9060172
-1.6693274,0.19578674,-0.08913486,0.14680131,0.0,2.1167634,0.89834964,4.7780437
-2.2486873,24.45535,-13.821781,-13.598305,0.0,45.29161,0.0,60.69658
-0.23431982,0.8003557,-0.4853675,-0.61785364,0.0,0.0,2.7452197,3.312945
0.1853338,-0.33105025,1.0221269,0.32649097,0.0,0.0,11.705895,11.624581
-0.31137136,-0.120176226,0.03940916,-0.067452475,1.6490471,0.0,1.3086603,0.26343983
0.12602234,-0.3582196,0.43066257,0.2163918,0.0,0.0,19.3754,8.103941
0.27212933,-0.25173467,0.3416444,-0.066956595,0.0,0.0,2.3570938,0.42171568
0.07502903,-0.27215683,0.17899242,-0.059466645,0.0,0.0,6.724217,2.4527996
5.5418572,11.017644,-5.735935,-7.6067276,0.0,0.0,3.5761395,1.3426476
-1.3156466,2.724154,-1.5357983,-1.406319,0.0,2.7335608,0.0,1.9655951
1.1738678,-0.43914294,1.9242512,0.56827897,0.0,2.612231,0.0,6.684228
0.446231,-0.3494091,1.5512259,0.54517365,0.0,0.0,10.142427,10.440978
-0.9358736,0.43957362,-0.25467956,-0.20662048,0.0,3.8543417,0.0,1.8602221
-0.020761315,0.008122385,-0.044158712,-0.22566983,0.0,0.0,2.3134317,3.7264583
1.4964044,1.1002668,0.44687638,-0.80556595,0.0,0.0,16.320097,4.9669437
-2.141801,0.9345007,-0.49035355,-0.13928434,0.0,4.828438,0.0,6.484414
-1.2077699,0.16225842,4.87876,1.8744261,0.0,0.0,2.0463638,2.193715
-0.8896169,1.9052612,-1.087391,-1.060722,0.0,0.0,4.2400208,4.2456417
3.3557944,-0.6032631,4.6660314,1.3601903,0.0,11.955422,0.0,26.354183
0.24431047,-0.3668762,0.572545,0.2107825,0.0,0.0,41.250256,17.465519
0.1079001,-0.2707743,1.7415426,0.60231996,0.0,0.0,34.40427,33.435566
0.23921353,-0.34617582,0.3943096,0.07649386,0.0,0.0,23.083858,0.9277224
3.0365107,0.25496903,3.5032256,0.38323438,0.0,0.0,5.840913,0.07950776
0.20878159,0.12216365,-0.09720132,-0.34319395,0.0,0.0,3.0452137,1.375765
0.4851616,0.27263692,-0.030715004,-0.3986644,0.0,0.0,21.353691,6.6504903
4.7520127,2.7791266,3.1630716,-1.3253889,0.0,5.6164956,0.0,3.5262742
4.3886285,0.5424628,5.0067763,0.56873196,0.0,0.9143482,0.80207235,1.4744855
-0.065491766,-0.29955062,0.14947356,0.0026475042,0.0,0.5759297,1.6163667,1.9214929
0.7140544,-0.402183,1.2194523,0.32146317,0.0,3.447547,0.0,1.6344724
1.2445602,2.4611142,-1.4820532,-2.0010521,0.0,5.1774864,0.0,7.8822513
0.19653738,-0.25112543,0.22135231,-0.080339134,0.0,0.0,5.3327403,4.248647
-0.56310016,-0.21155185,0.8622118,0.32114667,0.0,0.0,19.85133,7.5645027
2.182222,0.76953554,1.8672558,-0.3853455,0.0,0.0,10.235496,9.301886
0.32925957,-0.36751395,0.8033421,0.2608429,0.0,0.0,24.433905,20.110023
-0.9364815,0.8061724,-0.46250418,-0.41670245,0.0,2.440713,0.0,3.633861
-5.210851,3.208048,-1.6650201,-0.54946965,0.0,0.0,27.833212,5.802748
0.2549745,0.08177537,-0.05463496,-0.31785762,0.0,0.0,4.0975146,0.9669793
0.65263075,0.10766542,0.45621926,-0.25360435,0.0,0.031286597,0.82261395,0.22061053
9.09661,2.4010844,9.508337,0.34143138,0.0,0.0,67.24628,28.577812
-0.6909073,-0.13353676,1.6945459,0.6345216,0.0,0.0,10.129616,10.458819
0.09444776,0.5821763,-0.3739175,-0.5884645,0.0,0.0,10.804773,5.504139
0.102311224,-0.23774141,0.1411103,-0.08858132,0.0,0.0,5.437109,3.867382
-1.0515829,0.14982304,-0.086091146,-0.006739486,0.0,0.0,4.1441703,3.6129808
-5.638252,0.7272066,1.2223011,0.64868927,0.0,3.441931,1.8721339,6.4290075
7.778923,2.689208,7.5730996,-0.42830527,0.0,0.0,30.420855,12.364426
7.031913,7.2160306,0.8915268,-4.1296263,0.0,0.0,2.714188,0.0
-0.9501032,-0.082579166,0.041890956,0.09699899,0.0,0.0,5.1698895,5.8209457
-0.22784318,1.449872,-0.8538594,-0.9922634,0.0,0.0,13.916795,4.097379
1.4758414,7.226901,-4.1926866,-4.801776,0.0,2.1214938,0.0,0.9500157
-0.9315368,5.261282,-2.9885626,-2.9733257,0.0,12.098035,0.0,8.075224
0.1552696,-0.32844746,0.27368164,0.012190945,0.0,1.425919,0.99164844,1.5913178
-0.09929724,-0.17409955,0.062080137,-0.09828663,0.0,1.8850994,1.9290184,4.633824
-0.06819494,-0.3117526,0.14725953,0.08615109,0.0,0.0,13.066928,1.3346332
-0.15942065,-0.2955819,0.59833443,0.1758294,0.0,0.0,6.5167966,9.238749
25.317747,28.510183,0.91285956,-15.894778,0.0,2.0074716,0.10327947,3.0191007
2.5457716,1.1139128,1.9791807,-0.5667848,0.0,0.0,16.09886,7.007925
0.4692651,2.2917747,-1.3571583,-1.6781436,0.0,0.0,19.388226,0.71743625
0.07207073,-0.32131115,0.8350793,0.25411397,7.587078,0.0,1.3242104,1.1929073
0.058810476,-0.114759594,0.0327757,-0.17089255,0.0,0.628621,0.7721002,0.53397
2.4221501,2.0599012,0.6054423,-1.3163716,0.0,0.0,5.162371,5.861418
16.866507,8.195531,14.084968,-2.4798188,0.0,0.0,27.694456,31.633863
5.121413,4.580577,1.4381398,-2.6079605,2.992678,0.0,1.9120607,0.5521676
-0.0011087805,-0.29640734,0.17623147,-0.037144914,0.0,0.0,2.738964,3.2812428
0.94556785,0.09775266,0.8929379,-0.17121112,0.0,0.0,3.512288,2.7558932
0.24898371,-0.32672298,0.3546424,0.037706465,0.0,0.0,19.152567,1.9082025
0.53616273,0.5682212,-0.285591,-0.6383341,0.0,0.0,2.5788522,1.4526606
-0.10564761,0.67160654,-0.4171658,-0.5814835,0.0,0.0,4.4363427,3.4949162
0.27093178,-0.05405143,0.07362845,-0.20672655,0.0,0.0,2.001604,0.8234879
-0.65034515,7.0894704,-4.035551,-4.103755,0.0,8.251188,0.0,5.482555
2.1044283,15.293367,-8.789478,-9.611277,0.0,25.901817,0.0,18.374222
19.063087,1.3704507,23.300179,4.906637,16.298077,0.0,3.7502332,2.9718995
1.8331985,-0.22409308,8.070254,3.1949904,0.0,18.682592,0.0,26.443405
0.09963922,0.2247068,-0.17143953,-0.38495332,0.0,0.0,4.0809507,5.967749
-0.07812069,-0.27514482,0.12948054,-0.04568032,0.0,1.468672,1.3286351,2.80411
-8.831085,8.588376,-4.5805745,-2.5809987,5.464326,0.0,0.0,1.6224835
0.31894436,0.2785249,-0.1812666,-0.45860758,0.0,0.20644099,1.0428691,0.5607428
39.827354,25.018953,26.985329,-9.951448,22.846895,0.0,3.0345793,3.8581445
-0.5519472,1.2003622,-0.70032156,-0.75477225,0.0,0.37933296,1.463652,1.3809698
-0.059676487,-0.31488156,0.57157975,0.18014483,0.0,9.82156,0.0,7.5156937
-0.04506356,-0.2909652,0.15598446,-0.03725137,0.0,0.6632271,1.881432,2.6481907
0.58198565,-0.111926675,0.62138116,-0.09871391,1.9988889,0.0,0.48121238,0.34827375
-2.3321583,8.121513,-4.558019,-4.205886,0.0,0.0,2.7708907,1.476963
-5.583491,2.5936546,-1.3027989,-0.08856809,0.0,0.0,14.945212,22.557308
9.392748,5.9885406,5.9952607,-2.6803508,0.0,0.0,9.856404,29.839516
0.47897452,0.025797367,0.29836237,-0.22962788,0.0,0.61075,0.054104656,0.35935807
0.08111314,-0.046694964,-0.010526642,-0.2192608,0.0,0.0,11.169045,2.8102
9.907401,15.912921,-6.1590915,-9.84856,0.0,0.0,2.7091613,2.919653
0.10086341,-0.21337004,0.11755497,-0.10434751,0.0,0.0,10.010355,4.9380784
0.042996243,-0.29704568,0.19636405,-0.03909277,0.0,1.1027424,0.9033661,1.1155337
5.170124,27.23201,-15.672449,-17.351374,0.0,26.400621,0.0,31.511568
0.29831243,-0.37569308,0.53348887,0.17390084,0.0,0.0,11.477659,6.068936
6.5891457,1.675408,6.8842773,0.19376719,0.0,0.0,14.60558,3.7073178
0.8366355,6.153024,-3.5600243,-3.999712,0.0,9.39871,0.0,16.31533
-1.322551,-0.0035010576,2.135703,0.88959277,0.0,0.0,18.448494,20.9553
0.064802006,-0.29661307,1.258851,0.43404585,3.397857,0.0,0.60253644,0.3592222
0.39936548,0.07145241,0.10618259,-0.27238503,0.0,0.0,2.6817303,1.0819192
0.1858732,-0.35363832,0.67916405,0.2605849,0.0,0.0,35.14851,26.684761
1.6742413,1.5905703,0.070183784,-1.1227068,0.0,0.2875436,0.9398206,1.2894655
0.2623165,0.3056449,-0.21670935,-0.47387058,0.0,0.0,1.5594814,1.9059523
-0.57590353,0.0753687,-0.061601296,-0.10256685,0.91227394,0.0,0.7389589,0.02956625
1.5616392,0.7123749,1.042197,-0.5014696,0.0,0.0,23.044508,6.194524
8.678437,-0.7863003,20.178654,8.0849695,0.0,6.4962215,0.0,6.321099
-0.9200966,1.5498224,-0.88473547,-0.8479873,0.0,0.79173994,1.3351228,3.1628633
-0.45105726,1.2911575,-0.7555579,-0.8362286,0.0,0.24820244,1.8969468,1.9969562
8.15948,1.4547207,9.105842,0.9733046,0.0,0.0,9.605834,0.0
43.66664,40.102627,13.923228,-20.690786,0.0,0.0,69.30928,47.845062
-0.15011744,0.12423557,7.961463,3.2411573,0.0,6.0563283,0.0,14.478227
-2.9560218,0.38455406,3.9496322,1.7606573,0.0,0.0,7.9706745,2.8875475
-0.56988114,-0.23231378,0.43933508,0.13379328,0.0,0.0,14.373267,5.4203105
10.161624,-0.28565207,13.212808,3.4360251,0.0,2.0960166,0.70633256,3.5265338
1.8425293,0.1315397,2.0635445,0.08685914,0.0,0.0,31.520514,8.334856
4.1769114,5.335239,-1.0313913,-3.327514,0.0,1.544946,2.782775,10.750965
-1.0785094,10.088111,-5.719712,-5.698903,2.051127,0.0,1.0589035,0.26104572
-3.1756916,1.996672,-1.0540428,-0.44738698,0.0,30.498861,0.0,15.923775
-0.6256324,0.63084924,-0.37468442,-0.4066748,0.0,0.0,8.099327,7.057485
-1.5438348,0.5660143,-0.30371514,-0.10208562,0.0,0.41975573,1.6105525,1.7329721
0.1399247,-0.36284536,0.37005702,0.18831304,0.0,0.0,6.1649375,3.3439066
-0.7565931,0.35550198,-0.21369383,-0.21061306,0.0,5.475559,0.0,4.493216
0.58972126,0.48249564,-0.14111629,-0.53327245,0.0,0.0,11.6469345,10.594726
0.8580219,0.7524154,-0.089236856,-0.6722672,0.0,0.0,3.6640158,7.288789
2.5783997,3.9064507,-1.5596455,-2.6402261,0.0,1.1759284,0.5620607,2.8096519
0.63264704,0.38926694,0.04606089,-0.4561708,0.0,0.0,5.5149374,6.6723776
-0.4341151,-0.25601047,0.48893481,0.15994939,0.0,0.0,40.14072,13.760752
-0.10686836,-0.27923417,0.13144115,-0.038040575,0.0,0.9314492,1.3856887,2.6113737
0.18081191,-0.09468177,0.054393485,-0.19050995,0.0,0.0,3.372397,1.8441831
15.468607,16.294922,1.8909708,-9.022153,0.0,7.620815,0.0,22.272705
-0.7448769,-0.00069504976,3.5788164,1.3419067,0.0,0.0,2.7538996,2.2813554
0.08773179,1.7696327,-1.046909,-1.2675624,0.0,0.0,10.096498,3.4570677
-4.8235235,0.9339899,-0.3901483,0.64199406,0.0,0.0,22.363808,22.341135
0.020898502,-0.32656062,0.1835967,0.094869,0.0,0.0,31.458708,11.485315
0.22883384,-0.24030563,0.25970602,-0.08363728,0.0,0.0,4.598205,0.8661569
-0.14887704,-0.28852138,0.72965777,0.22260326,5.356194,0.0,0.9682026,0.8024998
6.429544,7.2550197,-0.09394154,-4.2724886,0.0,0.0,18.93386,5.706433
-0.30880213,2.2586775,-1.3094043,-1.4325683,0.0,1.4696939,0.0,2.9044008
-1.140157,1.585115,-0.8965459,-0.80414176,0.0,0.0,2.1399136,1.5398952
0.12972602,-0.11832529,0.056131765,-0.1719849,0.0,0.0,4.575328,2.9028084
2.677007,7.796342,-4.5602903,-5.478183,0.0,0.0,2.7978349,0.63316596
-14.363762,9.687796,-4.9977665,-1.6003047,0.0,2.5693007,0.0,1.7771722
-0.32372785,-0.24228144,0.109098464,0.0061782673,0.0,5.3825355,0.0,6.5712824
-1.2651013,-0.09445682,0.65948105,0.2524707,0.0,0.0,60.457325,16.877226
12.624106,17.302511,-3.8544905,-10.288768,0.0,0.0,2.9820795,2.808011
0.15149178,-0.2263738,0.15050918,-0.09896429,0.0,0.0,6.084159,3.8765807
-0.27309266,-0.21905693,0.0940445,-0.021888161,0.0,2.654874,0.0,2.3095903
0.5040282,3.4744487,-2.0289836,-2.3665786,0.0,0.0,15.200519,2.7366104
0.89643115,-0.40231442,1.8844168,0.61896807,0.0,7.4334683,0.0,17.64473
0.15054871,2.9270434,-1.7054563,-1.9496772,0.0,0.0,12.942398,1.3292335
-7.444949,12.5999975,-6.9066525,-5.2855015,1.4237041,0.0,0.0,1.6628119
-2.7690003,2.1244366,-1.1416329,-0.6391038,0.0,4.0271325,0.0,24.603062
13.017521,24.119871,-11.305702,-15.73724,0.0,9.476202,0.9089998,15.412594
0.1600446,6.9743624,-4.000483,-4.2737427,0.0,6.074219,0.0,7.192966
-8.300014,6.1962934,-3.244143,-1.3637054,0.0,0.0,36.42637,11.833991
-0.5291265,-0.18361585,0.08349009,0.03234849,0.0,3.224613,0.0,5.0517836
2.0130608,0.9192419,1.4483644,-0.5518373,0.0,0.0,23.938353,7.389527
-0.5440695,-0.24593896,0.30072582,0.08048275,0.0,0.0,11.493742,8.931131
-0.1294038,-0.21277082,0.08512696,-0.067339316,0.0,0.81228745,0.41249,0.9718916
-2.6238089,0.40911242,-0.1745202,0.30241963,0.0,0.0,12.385606,14.587657
0.8546153,0.5770196,0.14658669,-0.55225825,1.0402889,0.0,0.102724314,1.029545
-4.3221865,1.1145356,-0.5111896,0.39244187,0.0,0.0,37.86572,46.42935
0.40468293,-0.38081333,0.73684657,0.21221763,0.0,0.085641205,2.857459,10.179914
1.9767697,3.318017,-1.5898255,-2.409657,0.0,0.0,14.596965,4.080395
0.47785258,-0.22811262,0.607518,-0.030906878,1.4476302,0.0,0.0,0.51315993
-2.2615926,10.356857,-5.8280015,-5.5084963,1.4236735,0.0,0.9902899,0.14899337
0.26210028,-0.3640629,0.68071496,0.2391479,0.0,0.0,31.103464,24.834019
-0.52045333,0.5830873,-0.35152397,-0.40991223,0.0,0.0,2.73246,3.2810004
-0.013593126,-0.08991158,0.011155665,-0.171531,0.0,0.17118862,1.2862213,2.0083065
0.43533003,0.06115842,0.17821494,-0.2598032,1.1873162,0.0,0.55984426,0.07142646
0.085738786,-0.31535226,0.24500233,-0.025038105,0.0,3.4569948,1.0906705,6.0946774
0.18171845,11.090818,-6.335161,-6.6410055,1.0132686,0.0,0.84159243,0.06457246
0.3830944,0.099838585,0.04200761,-0.29505774,0.0,0.0,3.118032,1.9725865
0.27990168,-0.31062704,0.39990002,0.00962913,0.0,0.0,14.307474,0.1459679
0.031502426,0.2086092,-0.15977421,-0.35587755,0.0,0.0,2.6278205,4.8559437
0.55207586,0.23515365,0.12783995,-0.36222294,0.0,0.0,3.3404899,4.1151433
